gene_name,expr_delta_12h,expr_delta_18h,expr_delta_24h,acc_delta_12h_tss,acc_delta_18h_tss,acc_delta_24h_tss,expr_dir,acc_tss_dir,expr_acc_tss_agreement,expr_acc_direction_pairs,expr_acc_agreement_verbose,expr_acc_direction_pairs_str,increase,decrease,neutral,expr_only_up,expr_only_down,acc_only_up,acc_only_down,expr_up_acc_down,expr_down_acc_up,agreement_class
LOC103231493,1.8654740352616,1.00081145842128,1.26161160196598,-14.4236,-11.5278,-10.21012,"['up', 'up', 'up']","['down', 'down', 'down']","['expr_up_acc_down', 'expr_up_acc_down', 'expr_up_acc_down']","[['up', 'down'], ['up', 'down'], ['up', 'down']]","['up/down , expr_up_acc_down', 'up/down , expr_up_acc_down', 'up/down , expr_up_acc_down']","['up/down', 'up/down', 'up/down']",0,0,0,0,0,0,0,3,0,conflict
LOC103231072,0.130455316017271,-0.589669326504983,-0.0858552887324218,0.8693399999999998,-0.1169799999999998,0.1903100000000002,"['flat', 'down', 'flat']","['up', 'flat', 'flat']","['acc_only_up', 'expr_only_down', 'neutral']","[['flat', 'up'], ['down', 'flat'], ['flat', 'flat']]","['flat/up , acc_only_up', 'down/flat , expr_only_down', 'flat/flat , neutral']","['flat/up', 'down/flat', 'flat/flat']",0,0,1,0,1,1,0,0,0,stable
LOC103231071,0.137625640530898,-0.66793094670994,-0.174290978069005,-11.73407,-9.4813,-4.941839999999999,"['flat', 'down', 'flat']","['down', 'down', 'down']","['acc_only_down', 'decrease', 'acc_only_down']","[['flat', 'down'], ['down', 'down'], ['flat', 'down']]","['flat/down , acc_only_down', 'down/down , decrease', 'flat/down , acc_only_down']","['flat/down', 'down/down', 'flat/down']",0,1,0,0,0,0,2,0,0,accessibility_only
LOC103231075,0.372281113598764,-0.362763384025141,-0.328311919729589,-5.186,6.188699999999997,-5.540389999999999,"['up', 'down', 'down']","['down', 'up', 'down']","['expr_up_acc_down', 'expr_down_acc_up', 'decrease']","[['up', 'down'], ['down', 'up'], ['down', 'down']]","['up/down , expr_up_acc_down', 'down/up , expr_down_acc_up', 'down/down , decrease']","['up/down', 'down/up', 'down/down']",0,1,0,0,0,0,0,1,1,conflict
ADAMTSL3,-0.699145526712218,-1.38388248800473,-2.26120810642573,-3.74943,-3.98411,0.9973,"['down', 'down', 'down']","['down', 'down', 'up']","['decrease', 'decrease', 'expr_down_acc_up']","[['down', 'down'], ['down', 'down'], ['down', 'up']]","['down/down , decrease', 'down/down , decrease', 'down/up , expr_down_acc_up']","['down/down', 'down/down', 'down/up']",0,2,0,0,0,0,0,0,1,mixed
SH3GL3,0.644003417028752,1.38555479821728,1.59824694948725,-0.2859300000000004,0.5470299999999999,0.67089,"['up', 'up', 'up']","['flat', 'flat', 'flat']","['expr_only_up', 'expr_only_up', 'expr_only_up']","[['up', 'flat'], ['up', 'flat'], ['up', 'flat']]","['up/flat , expr_only_up', 'up/flat , expr_only_up', 'up/flat , expr_only_up']","['up/flat', 'up/flat', 'up/flat']",0,0,0,3,0,0,0,0,0,expression_only
LOC103231079,1.89804167414367,3.91903751983342,4.72504606315165,0.4834899999999997,-0.7211399999999997,-1.5778199999999996,"['up', 'up', 'up']","['flat', 'down', 'down']","['expr_only_up', 'expr_up_acc_down', 'expr_up_acc_down']","[['up', 'flat'], ['up', 'down'], ['up', 'down']]","['up/flat , expr_only_up', 'up/down , expr_up_acc_down', 'up/down , expr_up_acc_down']","['up/flat', 'up/down', 'up/down']",0,0,0,1,0,0,0,2,0,conflict
LOC103231081,-0.0847979279983068,0.0904625252103807,-0.0981108992550098,1.7363799999999996,2.1200299999999994,0.9973,"['flat', 'flat', 'flat']","['up', 'up', 'up']","['acc_only_up', 'acc_only_up', 'acc_only_up']","[['flat', 'up'], ['flat', 'up'], ['flat', 'up']]","['flat/up , acc_only_up', 'flat/up , acc_only_up', 'flat/up , acc_only_up']","['flat/up', 'flat/up', 'flat/up']",0,0,0,0,0,3,0,0,0,accessibility_only
BTBD1,0.000460476026951,0.364901934728485,-0.0951322339081792,-7.861600000000003,-9.576399999999996,-19.01464,"['flat', 'up', 'flat']","['down', 'down', 'down']","['acc_only_down', 'expr_up_acc_down', 'acc_only_down']","[['flat', 'down'], ['up', 'down'], ['flat', 'down']]","['flat/down , acc_only_down', 'up/down , expr_up_acc_down', 'flat/down , acc_only_down']","['flat/down', 'up/down', 'flat/down']",0,0,0,0,0,0,2,1,0,accessibility_only
C29H15orf40,-0.855717406736963,-0.299331585511299,-0.766874414221806,-17.50817,-11.761699999999998,-9.55725,"['down', 'down', 'down']","['down', 'down', 'down']","['decrease', 'decrease', 'decrease']","[['down', 'down'], ['down', 'down'], ['down', 'down']]","['down/down , decrease', 'down/down , decrease', 'down/down , decrease']","['down/down', 'down/down', 'down/down']",0,3,0,0,0,0,0,0,0,expr_acc_down
FAM103A1,-0.685928146133757,-0.687228306036608,-1.02170372947806,53.64226,8.71132,18.09815,"['down', 'down', 'down']","['up', 'up', 'up']","['expr_down_acc_up', 'expr_down_acc_up', 'expr_down_acc_up']","[['down', 'up'], ['down', 'up'], ['down', 'up']]","['down/up , expr_down_acc_up', 'down/up , expr_down_acc_up', 'down/up , expr_down_acc_up']","['down/up', 'down/up', 'down/up']",0,0,0,0,0,0,0,0,3,conflict
HOMER2,-0.211378079808296,-0.0992716935612093,0.108047399899321,-1.6923999999999992,-28.7461,5.603200000000001,"['down', 'flat', 'flat']","['down', 'down', 'up']","['decrease', 'acc_only_down', 'acc_only_up']","[['down', 'down'], ['flat', 'down'], ['flat', 'up']]","['down/down , decrease', 'flat/down , acc_only_down', 'flat/up , acc_only_up']","['down/down', 'flat/down', 'flat/up']",0,1,0,0,0,1,1,0,0,mixed
WHAMM,0.196107861296539,0.103008425747792,0.445743272377663,-6.538880000000001,-2.4111100000000008,-2.69314,"['up', 'flat', 'up']","['down', 'down', 'down']","['expr_up_acc_down', 'acc_only_down', 'expr_up_acc_down']","[['up', 'down'], ['flat', 'down'], ['up', 'down']]","['up/down , expr_up_acc_down', 'flat/down , acc_only_down', 'up/down , expr_up_acc_down']","['up/down', 'flat/down', 'up/down']",0,0,0,0,0,0,1,2,0,conflict
LOC103231089,0.385820651982542,-0.33830072608902,0.308754572441579,7.707949999999999,6.41442,-17.24645,"['up', 'down', 'up']","['up', 'up', 'down']","['increase', 'expr_down_acc_up', 'expr_up_acc_down']","[['up', 'up'], ['down', 'up'], ['up', 'down']]","['up/up , increase', 'down/up , expr_down_acc_up', 'up/down , expr_up_acc_down']","['up/up', 'down/up', 'up/down']",1,0,0,0,0,0,0,1,1,conflict
AP3B2,5.52387352003608,6.72026944583113,7.21742254929865,1.06459,0.7321200000000001,-2.05839,"['up', 'up', 'up']","['up', 'up', 'down']","['increase', 'increase', 'expr_up_acc_down']","[['up', 'up'], ['up', 'up'], ['up', 'down']]","['up/up , increase', 'up/up , increase', 'up/down , expr_up_acc_down']","['up/up', 'up/up', 'up/down']",2,0,0,0,0,0,0,1,0,mixed
LOC103231096,0.0,2.05204526111757,3.41293225035479,-0.2859300000000004,1.7580800000000003,0.1903100000000002,"['flat', 'up', 'up']","['flat', 'up', 'flat']","['neutral', 'increase', 'expr_only_up']","[['flat', 'flat'], ['up', 'up'], ['up', 'flat']]","['flat/flat , neutral', 'up/up , increase', 'up/flat , expr_only_up']","['flat/flat', 'up/up', 'up/flat']",1,0,1,1,0,0,0,0,0,mixed
CPEB1,2.85510184983415,3.29516822873284,4.13253597973541,-0.2859300000000004,1.7580800000000003,-1.7319899999999997,"['up', 'up', 'up']","['flat', 'up', 'down']","['expr_only_up', 'increase', 'expr_up_acc_down']","[['up', 'flat'], ['up', 'up'], ['up', 'down']]","['up/flat , expr_only_up', 'up/up , increase', 'up/down , expr_up_acc_down']","['up/flat', 'up/up', 'up/down']",1,0,0,1,0,0,0,1,0,mixed
RPS17,-0.908926802866134,-0.325201349872321,-1.3318535845996,-10.5742,4.17743,-4.941839999999999,"['down', 'down', 'down']","['down', 'up', 'down']","['decrease', 'expr_down_acc_up', 'decrease']","[['down', 'down'], ['down', 'up'], ['down', 'down']]","['down/down , decrease', 'down/up , expr_down_acc_up', 'down/down , decrease']","['down/down', 'down/up', 'down/down']",0,2,0,0,0,0,0,0,1,mixed
PDE8A,0.311196759747265,0.332140416916274,0.722093550713367,-2.49885,0.1850900000000002,-0.6166699999999996,"['up', 'up', 'up']","['down', 'flat', 'flat']","['expr_up_acc_down', 'expr_only_up', 'expr_only_up']","[['up', 'down'], ['up', 'flat'], ['up', 'flat']]","['up/down , expr_up_acc_down', 'up/flat , expr_only_up', 'up/flat , expr_only_up']","['up/down', 'up/flat', 'up/flat']",0,0,0,2,0,0,0,1,0,expression_only
SLC28A1,1.60519596758101,-1.82825057778545,-0.927643366740005,-5.952999999999999,-9.900399999999998,-4.44322,"['up', 'down', 'down']","['down', 'down', 'down']","['expr_up_acc_down', 'decrease', 'decrease']","[['up', 'down'], ['down', 'down'], ['down', 'down']]","['up/down , expr_up_acc_down', 'down/down , decrease', 'down/down , decrease']","['up/down', 'down/down', 'down/down']",0,2,0,0,0,0,0,1,0,mixed
ALPK3,0.700680690393936,-0.616081857197464,-0.282733778325749,-0.9600300000000002,0.7293700000000003,1.95845,"['up', 'down', 'down']","['down', 'up', 'up']","['expr_up_acc_down', 'expr_down_acc_up', 'expr_down_acc_up']","[['up', 'down'], ['down', 'up'], ['down', 'up']]","['up/down , expr_up_acc_down', 'down/up , expr_down_acc_up', 'down/up , expr_down_acc_up']","['up/down', 'down/up', 'down/up']",0,0,0,0,0,0,0,1,2,conflict
ZNF592,0.224907954344217,0.260274733274144,0.302150619178994,2.50579,0.1850900000000002,-0.6166699999999996,"['up', 'up', 'up']","['up', 'flat', 'flat']","['increase', 'expr_only_up', 'expr_only_up']","[['up', 'up'], ['up', 'flat'], ['up', 'flat']]","['up/up , increase', 'up/flat , expr_only_up', 'up/flat , expr_only_up']","['up/up', 'up/flat', 'up/flat']",1,0,0,2,0,0,0,0,0,expression_only
SEC11A,-0.7942901644231,-0.852644651872756,-1.39683248124195,-7.863900000000001,27.88374,-9.485,"['down', 'down', 'down']","['down', 'up', 'down']","['decrease', 'expr_down_acc_up', 'decrease']","[['down', 'down'], ['down', 'up'], ['down', 'down']]","['down/down , decrease', 'down/up , expr_down_acc_up', 'down/down , decrease']","['down/down', 'down/up', 'down/down']",0,2,0,0,0,0,0,0,1,mixed
NMB,0.200004808369905,0.623338585592991,0.743623537829775,-4.999980000000001,1.5158799999999997,-1.5778199999999996,"['up', 'up', 'up']","['down', 'up', 'down']","['expr_up_acc_down', 'increase', 'expr_up_acc_down']","[['up', 'down'], ['up', 'up'], ['up', 'down']]","['up/down , expr_up_acc_down', 'up/up , increase', 'up/down , expr_up_acc_down']","['up/down', 'up/up', 'up/down']",1,0,0,0,0,0,0,2,0,conflict
WDR73,-0.368558937941297,0.0571355873167605,-0.185642657842289,8.482099999999999,2.190899999999999,-3.96261,"['down', 'flat', 'down']","['up', 'up', 'down']","['expr_down_acc_up', 'acc_only_up', 'decrease']","[['down', 'up'], ['flat', 'up'], ['down', 'down']]","['down/up , expr_down_acc_up', 'flat/up , acc_only_up', 'down/down , decrease']","['down/up', 'flat/up', 'down/down']",0,1,0,0,0,1,0,0,1,mixed
ZSCAN2,-0.420926637681965,-0.38382324064525,-0.224434183906353,43.62598,-40.2931,-21.24527,"['down', 'down', 'down']","['up', 'down', 'down']","['expr_down_acc_up', 'decrease', 'decrease']","[['down', 'up'], ['down', 'down'], ['down', 'down']]","['down/up , expr_down_acc_up', 'down/down , decrease', 'down/down , decrease']","['down/up', 'down/down', 'down/down']",0,2,0,0,0,0,0,0,1,mixed
AKAP13,-0.37068952085228,-0.507190039701917,-0.362463367909509,1.92931,4.4251000000000005,-1.6957899999999988,"['down', 'down', 'down']","['up', 'up', 'down']","['expr_down_acc_up', 'expr_down_acc_up', 'decrease']","[['down', 'up'], ['down', 'up'], ['down', 'down']]","['down/up , expr_down_acc_up', 'down/up , expr_down_acc_up', 'down/down , decrease']","['down/up', 'down/up', 'down/down']",0,1,0,0,0,0,0,0,2,conflict
KLHL25,0.610064061169342,0.23235259780437,0.743977464642559,3.37282,2.000290000000001,-1.25141,"['up', 'up', 'up']","['up', 'up', 'down']","['increase', 'increase', 'expr_up_acc_down']","[['up', 'up'], ['up', 'up'], ['up', 'down']]","['up/up , increase', 'up/up , increase', 'up/down , expr_up_acc_down']","['up/up', 'up/up', 'up/down']",2,0,0,0,0,0,0,1,0,mixed
MRPL46,-0.465323852208584,0.0955310678036315,-0.318809007494724,1.834,0.8518499999999998,0.67089,"['down', 'flat', 'down']","['up', 'up', 'flat']","['expr_down_acc_up', 'acc_only_up', 'expr_only_down']","[['down', 'up'], ['flat', 'up'], ['down', 'flat']]","['down/up , expr_down_acc_up', 'flat/up , acc_only_up', 'down/flat , expr_only_down']","['down/up', 'flat/up', 'down/flat']",0,0,0,0,1,1,0,0,1,expression_only
DET1,0.0675757210480551,0.23195498598832,0.0424551203888174,-4.323600000000001,6.59679,0.2083900000000005,"['flat', 'up', 'flat']","['down', 'up', 'flat']","['acc_only_down', 'increase', 'neutral']","[['flat', 'down'], ['up', 'up'], ['flat', 'flat']]","['flat/down , acc_only_down', 'up/up , increase', 'flat/flat , neutral']","['flat/down', 'up/up', 'flat/flat']",1,0,1,0,0,0,1,0,0,mixed
LOC103231131,1.31227678248072,0.0,0.0,-4.323600000000001,6.59679,0.2083900000000005,"['up', 'flat', 'flat']","['down', 'up', 'flat']","['expr_up_acc_down', 'acc_only_up', 'neutral']","[['up', 'down'], ['flat', 'up'], ['flat', 'flat']]","['up/down , expr_up_acc_down', 'flat/up , acc_only_up', 'flat/flat , neutral']","['up/down', 'flat/up', 'flat/flat']",0,0,1,0,0,1,0,1,0,stable
AEN,0.365669607145221,0.611121778084684,0.607393021353806,1.7456999999999994,-10.3167,0.5167299999999999,"['up', 'up', 'up']","['up', 'down', 'flat']","['increase', 'expr_up_acc_down', 'expr_only_up']","[['up', 'up'], ['up', 'down'], ['up', 'flat']]","['up/up , increase', 'up/down , expr_up_acc_down', 'up/flat , expr_only_up']","['up/up', 'up/down', 'up/flat']",1,0,0,1,0,0,0,1,0,mixed
ISG20,0.707289757654393,-0.244696700408626,0.573649601788425,24.951,-30.966600000000003,-0.5262999999999991,"['up', 'down', 'up']","['up', 'down', 'flat']","['increase', 'decrease', 'expr_only_up']","[['up', 'up'], ['down', 'down'], ['up', 'flat']]","['up/up , increase', 'down/down , decrease', 'up/flat , expr_only_up']","['up/up', 'down/down', 'up/flat']",1,1,0,1,0,0,0,0,0,mixed
LOC103231141,-0.129878569946133,-1.09335190059115,-0.893072729958192,4.818619999999999,0.91172,-0.1360899999999998,"['flat', 'down', 'down']","['up', 'up', 'flat']","['acc_only_up', 'expr_down_acc_up', 'expr_only_down']","[['flat', 'up'], ['down', 'up'], ['down', 'flat']]","['flat/up , acc_only_up', 'down/up , expr_down_acc_up', 'down/flat , expr_only_down']","['flat/up', 'down/up', 'down/flat']",0,0,0,0,1,1,0,0,1,expression_only
LOC103231147,0.54538994758104,2.50777312278223,2.40279680261534,-21.7924,-87.29444000000001,-28.3996,"['up', 'up', 'up']","['down', 'down', 'down']","['expr_up_acc_down', 'expr_up_acc_down', 'expr_up_acc_down']","[['up', 'down'], ['up', 'down'], ['up', 'down']]","['up/down , expr_up_acc_down', 'up/down , expr_up_acc_down', 'up/down , expr_up_acc_down']","['up/down', 'up/down', 'up/down']",0,0,0,0,0,0,0,3,0,conflict
ABHD2,-0.116177422901,-0.322373790903651,-0.251031028540076,73.96058,-87.29444000000001,11.4881,"['flat', 'down', 'down']","['up', 'down', 'up']","['acc_only_up', 'decrease', 'expr_down_acc_up']","[['flat', 'up'], ['down', 'down'], ['down', 'up']]","['flat/up , acc_only_up', 'down/down , decrease', 'down/up , expr_down_acc_up']","['flat/up', 'down/down', 'down/up']",0,1,0,0,0,1,0,0,1,mixed
RLBP1,-1.11996289172973,-1.5999667645415,-2.06994802790473,-5.38589,0.2449499999999997,1.95845,"['down', 'down', 'down']","['down', 'flat', 'up']","['decrease', 'expr_only_down', 'expr_down_acc_up']","[['down', 'down'], ['down', 'flat'], ['down', 'up']]","['down/down , decrease', 'down/flat , expr_only_down', 'down/up , expr_down_acc_up']","['down/down', 'down/flat', 'down/up']",0,1,0,0,1,0,0,0,1,mixed
FANCI,0.398207240804823,0.865667103191508,1.19203815773261,-1.2342999999999975,-4.7568,-10.99895,"['up', 'up', 'up']","['down', 'down', 'down']","['expr_up_acc_down', 'expr_up_acc_down', 'expr_up_acc_down']","[['up', 'down'], ['up', 'down'], ['up', 'down']]","['up/down , expr_up_acc_down', 'up/down , expr_up_acc_down', 'up/down , expr_up_acc_down']","['up/down', 'up/down', 'up/down']",0,0,0,0,0,0,0,3,0,conflict
POLG,-0.142940616716073,0.114259006082603,-0.200864468082181,-0.47886,2.1798900000000003,0.67089,"['flat', 'flat', 'down']","['flat', 'up', 'flat']","['neutral', 'acc_only_up', 'expr_only_down']","[['flat', 'flat'], ['flat', 'up'], ['down', 'flat']]","['flat/flat , neutral', 'flat/up , acc_only_up', 'down/flat , expr_only_down']","['flat/flat', 'flat/up', 'down/flat']",0,0,1,0,1,1,0,0,0,stable
TRNAR-UCG,0.810818944069464,1.62036687729441,3.54754257412928,3.758679999999999,40.16012,-33.5499,"['up', 'up', 'up']","['up', 'up', 'down']","['increase', 'increase', 'expr_up_acc_down']","[['up', 'up'], ['up', 'up'], ['up', 'down']]","['up/up , increase', 'up/up , increase', 'up/down , expr_up_acc_down']","['up/up', 'up/up', 'up/down']",2,0,0,0,0,0,0,1,0,mixed
LOC103231153,0.0,0.0,3.40452908375144,0.00231,1.2736600000000005,-0.2902599999999999,"['flat', 'flat', 'up']","['flat', 'up', 'flat']","['neutral', 'acc_only_up', 'expr_only_up']","[['flat', 'flat'], ['flat', 'up'], ['up', 'flat']]","['flat/flat , neutral', 'flat/up , acc_only_up', 'up/flat , expr_only_up']","['flat/flat', 'flat/up', 'up/flat']",0,0,1,1,0,1,0,0,0,stable
TICRR,0.777449076832229,1.4024051339427,1.07199143695657,-5.072200000000002,-13.691200000000002,-6.483500000000001,"['up', 'up', 'up']","['down', 'down', 'down']","['expr_up_acc_down', 'expr_up_acc_down', 'expr_up_acc_down']","[['up', 'down'], ['up', 'down'], ['up', 'down']]","['up/down , expr_up_acc_down', 'up/down , expr_up_acc_down', 'up/down , expr_up_acc_down']","['up/down', 'up/down', 'up/down']",0,0,0,0,0,0,0,3,0,conflict
KIF7,0.858092270998606,0.772578174181631,1.0306656738854,-0.2859300000000004,0.5470299999999999,-0.1360899999999998,"['up', 'up', 'up']","['flat', 'flat', 'flat']","['expr_only_up', 'expr_only_up', 'expr_only_up']","[['up', 'flat'], ['up', 'flat'], ['up', 'flat']]","['up/flat , expr_only_up', 'up/flat , expr_only_up', 'up/flat , expr_only_up']","['up/flat', 'up/flat', 'up/flat']",0,0,0,3,0,0,0,0,0,expression_only
PLIN1,1.14414765312262,0.546255946878224,1.22208618791498,-0.0929999999999999,0.5497800000000002,-1.5778199999999996,"['up', 'up', 'up']","['flat', 'flat', 'down']","['expr_only_up', 'expr_only_up', 'expr_up_acc_down']","[['up', 'flat'], ['up', 'flat'], ['up', 'down']]","['up/flat , expr_only_up', 'up/flat , expr_only_up', 'up/down , expr_up_acc_down']","['up/flat', 'up/flat', 'up/down']",0,0,0,2,0,0,0,1,0,expression_only
WDR93,0.100279197190062,0.293648601431904,0.362680219573343,-0.0929999999999999,1.63835,-0.7708399999999997,"['flat', 'up', 'up']","['flat', 'up', 'down']","['neutral', 'increase', 'expr_up_acc_down']","[['flat', 'flat'], ['up', 'up'], ['up', 'down']]","['flat/flat , neutral', 'up/up , increase', 'up/down , expr_up_acc_down']","['flat/flat', 'up/up', 'up/down']",1,0,1,0,0,0,0,1,0,mixed
PEX11A,0.185913262225001,0.29750570614523,0.843944398522701,-2.008399999999998,-2.1661300000000008,-2.8473,"['up', 'up', 'up']","['down', 'down', 'down']","['expr_up_acc_down', 'expr_up_acc_down', 'expr_up_acc_down']","[['up', 'down'], ['up', 'down'], ['up', 'down']]","['up/down , expr_up_acc_down', 'up/down , expr_up_acc_down', 'up/down , expr_up_acc_down']","['up/down', 'up/down', 'up/down']",0,0,0,0,0,0,0,3,0,conflict
ANPEP,0.0,0.0,-0.47611566869659,1.0622699999999998,-1.3252900000000003,0.1903100000000002,"['flat', 'flat', 'down']","['up', 'down', 'flat']","['acc_only_up', 'acc_only_down', 'expr_only_down']","[['flat', 'up'], ['flat', 'down'], ['down', 'flat']]","['flat/up , acc_only_up', 'flat/down , acc_only_down', 'down/flat , expr_only_down']","['flat/up', 'flat/down', 'down/flat']",0,0,0,0,1,1,1,0,0,expression_only
LOC103231163,-0.155471297451006,-0.489279781482782,-0.560288590432363,-6.443480000000001,-4.58826,0.9973,"['flat', 'down', 'down']","['down', 'down', 'up']","['acc_only_down', 'decrease', 'expr_down_acc_up']","[['flat', 'down'], ['down', 'down'], ['down', 'up']]","['flat/down , acc_only_down', 'down/down , decrease', 'down/up , expr_down_acc_up']","['flat/down', 'down/down', 'down/up']",0,1,0,0,0,0,1,0,1,mixed
ZNF710,0.607802084974603,0.618468021927494,0.527777452156426,0.1952399999999996,2.48471,0.8431300000000004,"['up', 'up', 'up']","['flat', 'up', 'up']","['expr_only_up', 'increase', 'increase']","[['up', 'flat'], ['up', 'up'], ['up', 'up']]","['up/flat , expr_only_up', 'up/up , increase', 'up/up , increase']","['up/flat', 'up/up', 'up/up']",2,0,0,1,0,0,0,0,0,mixed
IDH2,-1.45070941267341,-2.10915386747406,-3.41070095151598,1.35051,-0.1169799999999998,-0.6166699999999996,"['down', 'down', 'down']","['up', 'flat', 'flat']","['expr_down_acc_up', 'expr_only_down', 'expr_only_down']","[['down', 'up'], ['down', 'flat'], ['down', 'flat']]","['down/up , expr_down_acc_up', 'down/flat , expr_only_down', 'down/flat , expr_only_down']","['down/up', 'down/flat', 'down/flat']",0,0,0,0,2,0,0,0,1,expression_only
SEMA4B,0.671327785167282,-0.147918045160479,0.377295446833888,-0.7601999999999993,-10.56442,-1.5416600000000005,"['up', 'flat', 'up']","['down', 'down', 'down']","['expr_up_acc_down', 'acc_only_down', 'expr_up_acc_down']","[['up', 'down'], ['flat', 'down'], ['up', 'down']]","['up/down , expr_up_acc_down', 'flat/down , acc_only_down', 'up/down , expr_up_acc_down']","['up/down', 'flat/down', 'up/down']",0,0,0,0,0,0,1,2,0,conflict
CIB1,-0.092741229992513,0.118589941765285,-0.613057607749966,15.123150000000004,1.33352,0.1903100000000002,"['flat', 'flat', 'down']","['up', 'up', 'flat']","['acc_only_up', 'acc_only_up', 'expr_only_down']","[['flat', 'up'], ['flat', 'up'], ['down', 'flat']]","['flat/up , acc_only_up', 'flat/up , acc_only_up', 'down/flat , expr_only_down']","['flat/up', 'flat/up', 'down/flat']",0,0,0,0,1,2,0,0,0,accessibility_only
LOC103231171,2.07422457335324,-0.263420670177923,0.0058878489370034,1.1761000000000017,-14.91325,-9.72952,"['up', 'down', 'flat']","['up', 'down', 'down']","['increase', 'decrease', 'acc_only_down']","[['up', 'up'], ['down', 'down'], ['flat', 'down']]","['up/up , increase', 'down/down , decrease', 'flat/down , acc_only_down']","['up/up', 'down/down', 'flat/down']",1,1,0,0,0,0,1,0,0,mixed
NGRN,-0.497882967687655,-0.0961161764817331,-0.257236573064864,7.03385,-9.5329,-11.47955,"['down', 'flat', 'down']","['up', 'down', 'down']","['expr_down_acc_up', 'acc_only_down', 'decrease']","[['down', 'up'], ['flat', 'down'], ['down', 'down']]","['down/up , expr_down_acc_up', 'flat/down , acc_only_down', 'down/down , decrease']","['down/up', 'flat/down', 'down/down']",0,1,0,0,0,0,1,0,1,mixed
VPS33B,0.0829605445833504,-0.525712297595681,-0.0378922469670039,9.0609,-4.337800000000001,-5.884919999999999,"['flat', 'down', 'flat']","['up', 'down', 'down']","['acc_only_up', 'decrease', 'acc_only_down']","[['flat', 'up'], ['down', 'down'], ['flat', 'down']]","['flat/up , acc_only_up', 'down/down , decrease', 'flat/down , acc_only_down']","['flat/up', 'down/down', 'flat/down']",0,1,0,0,0,1,1,0,0,mixed
PRC1,-0.578208722615872,0.150919964804895,-0.0592035680854467,-9.607200000000002,-13.10075,-3.944570000000001,"['down', 'flat', 'flat']","['down', 'down', 'down']","['decrease', 'acc_only_down', 'acc_only_down']","[['down', 'down'], ['flat', 'down'], ['flat', 'down']]","['down/down , decrease', 'flat/down , acc_only_down', 'flat/down , acc_only_down']","['down/down', 'flat/down', 'flat/down']",0,1,0,0,0,0,2,0,0,accessibility_only
RCCD1,-0.203403212267416,-0.118341769445741,-0.180190619677495,-1.7294400000000003,-0.0571200000000002,2.7654300000000003,"['down', 'flat', 'down']","['down', 'flat', 'up']","['decrease', 'neutral', 'expr_down_acc_up']","[['down', 'down'], ['flat', 'flat'], ['down', 'up']]","['down/down , decrease', 'flat/flat , neutral', 'down/up , expr_down_acc_up']","['down/down', 'flat/flat', 'down/up']",0,1,1,0,0,0,0,0,1,mixed
UNC45A,-0.64755919633347,-0.697265815484978,-0.21985373856268,2.02461,1.81795,0.5167299999999999,"['down', 'down', 'down']","['up', 'up', 'flat']","['expr_down_acc_up', 'expr_down_acc_up', 'expr_only_down']","[['down', 'up'], ['down', 'up'], ['down', 'flat']]","['down/up , expr_down_acc_up', 'down/up , expr_down_acc_up', 'down/flat , expr_only_down']","['down/up', 'down/up', 'down/flat']",0,0,0,0,1,0,0,0,2,conflict
HDDC3,-0.535117458068961,-1.14421844359717,-1.4753501693941,10.88552,1.15393,-7.32662,"['down', 'down', 'down']","['up', 'up', 'down']","['expr_down_acc_up', 'expr_down_acc_up', 'decrease']","[['down', 'up'], ['down', 'up'], ['down', 'down']]","['down/up , expr_down_acc_up', 'down/up , expr_down_acc_up', 'down/down , decrease']","['down/up', 'down/up', 'down/down']",0,1,0,0,0,0,0,0,2,conflict
MAN2A2,0.389869888083939,0.531671089360472,0.774942130895978,0.00231,0.5470299999999999,1.47788,"['up', 'up', 'up']","['flat', 'flat', 'up']","['expr_only_up', 'expr_only_up', 'increase']","[['up', 'flat'], ['up', 'flat'], ['up', 'up']]","['up/flat , expr_only_up', 'up/flat , expr_only_up', 'up/up , increase']","['up/flat', 'up/flat', 'up/up']",1,0,0,2,0,0,0,0,0,expression_only
FES,0.572145689925308,1.20501105816437,1.58169028369139,1.54344,-0.1169799999999998,-4.941839999999999,"['up', 'up', 'up']","['up', 'flat', 'down']","['increase', 'expr_only_up', 'expr_up_acc_down']","[['up', 'up'], ['up', 'flat'], ['up', 'down']]","['up/up , increase', 'up/flat , expr_only_up', 'up/down , expr_up_acc_down']","['up/up', 'up/flat', 'up/down']",1,0,0,1,0,0,0,1,0,mixed
FURIN,-0.377362864531849,-0.578970107425562,-0.579689518473551,6.550410000000001,0.4273000000000002,-2.21256,"['down', 'down', 'down']","['up', 'flat', 'down']","['expr_down_acc_up', 'expr_only_down', 'decrease']","[['down', 'up'], ['down', 'flat'], ['down', 'down']]","['down/up , expr_down_acc_up', 'down/flat , expr_only_down', 'down/down , decrease']","['down/up', 'down/flat', 'down/down']",0,1,0,0,1,0,0,0,1,mixed
LOC103231503,0.0,2.05129431190306,0.0,-0.5741700000000005,0.6695100000000007,3.5724100000000005,"['flat', 'up', 'flat']","['flat', 'flat', 'up']","['neutral', 'expr_only_up', 'acc_only_up']","[['flat', 'flat'], ['up', 'flat'], ['flat', 'up']]","['flat/flat , neutral', 'up/flat , expr_only_up', 'flat/up , acc_only_up']","['flat/flat', 'up/flat', 'flat/up']",0,0,1,1,0,1,0,0,0,stable
LOC103231184,0.252488170383345,0.377422688204258,0.378176836537654,2.12453,1.5158799999999997,1.0153800000000004,"['up', 'up', 'up']","['up', 'up', 'up']","['increase', 'increase', 'increase']","[['up', 'up'], ['up', 'up'], ['up', 'up']]","['up/up , increase', 'up/up , increase', 'up/up , increase']","['up/up', 'up/up', 'up/up']",3,0,0,0,0,0,0,0,0,expr_acc_up
BLM,0.466109053692653,0.416603760563172,0.227446393985922,0.1952399999999996,47.89992,-1.0972399999999998,"['up', 'up', 'up']","['flat', 'up', 'down']","['expr_only_up', 'increase', 'expr_up_acc_down']","[['up', 'flat'], ['up', 'up'], ['up', 'down']]","['up/flat , expr_only_up', 'up/up , increase', 'up/down , expr_up_acc_down']","['up/flat', 'up/up', 'up/down']",1,0,0,1,0,0,0,1,0,mixed
CRTC3,0.322033675786846,0.522544940795958,0.836430689903166,-0.9600300000000002,0.7892399999999999,-0.6166699999999996,"['up', 'up', 'up']","['down', 'up', 'flat']","['expr_up_acc_down', 'increase', 'expr_only_up']","[['up', 'down'], ['up', 'up'], ['up', 'flat']]","['up/down , expr_up_acc_down', 'up/up , increase', 'up/flat , expr_only_up']","['up/down', 'up/up', 'up/flat']",1,0,0,1,0,0,0,1,0,mixed
LOC103231194,-0.795941406021267,-1.00821470277709,-1.57794721127323,-3.842500000000001,-5.24957,-3.01954,"['down', 'down', 'down']","['down', 'down', 'down']","['decrease', 'decrease', 'decrease']","[['down', 'down'], ['down', 'down'], ['down', 'down']]","['down/down , decrease', 'down/down , decrease', 'down/down , decrease']","['down/down', 'down/down', 'down/down']",0,3,0,0,0,0,0,0,0,expr_acc_down
ZNF774,0.234398068176498,-0.655138589819819,-0.359918155543277,2.02693,1.2192799999999997,0.2083900000000005,"['up', 'down', 'down']","['up', 'up', 'flat']","['increase', 'expr_down_acc_up', 'expr_only_down']","[['up', 'up'], ['down', 'up'], ['down', 'flat']]","['up/up , increase', 'down/up , expr_down_acc_up', 'down/flat , expr_only_down']","['up/up', 'down/up', 'down/flat']",1,0,0,0,1,0,0,0,1,mixed
LOC103231197,1.49466823747576,1.70713342472696,2.74857249462116,-11.638780000000002,-8.332920000000001,-0.7346799999999991,"['up', 'up', 'up']","['down', 'down', 'down']","['expr_up_acc_down', 'expr_up_acc_down', 'expr_up_acc_down']","[['up', 'down'], ['up', 'down'], ['up', 'down']]","['up/down , expr_up_acc_down', 'up/down , expr_up_acc_down', 'up/down , expr_up_acc_down']","['up/down', 'up/down', 'up/down']",0,0,0,0,0,0,0,3,0,conflict
LOC103231196,0.0173740451790268,0.100695872487201,0.962099414049479,3.5751000000000026,-1.1945999999999994,1.47788,"['flat', 'flat', 'up']","['up', 'down', 'up']","['acc_only_up', 'acc_only_down', 'increase']","[['flat', 'up'], ['flat', 'down'], ['up', 'up']]","['flat/up , acc_only_up', 'flat/down , acc_only_down', 'up/up , increase']","['flat/up', 'flat/down', 'up/up']",1,0,0,0,0,1,1,0,0,mixed
SV2B,0.383892858722848,-0.907928016720156,-1.03009082778068,2.60341,0.7293700000000003,1.95845,"['up', 'down', 'down']","['up', 'up', 'up']","['increase', 'expr_down_acc_up', 'expr_down_acc_up']","[['up', 'up'], ['down', 'up'], ['down', 'up']]","['up/up , increase', 'down/up , expr_down_acc_up', 'down/up , expr_down_acc_up']","['up/up', 'down/up', 'down/up']",1,0,0,0,0,0,0,0,2,conflict
LOC103231202,0.0,-0.814550369377611,2.40176646906582,-6.73409,-0.4190599999999995,0.0542300000000004,"['flat', 'down', 'up']","['down', 'flat', 'flat']","['acc_only_down', 'expr_only_down', 'expr_only_up']","[['flat', 'down'], ['down', 'flat'], ['up', 'flat']]","['flat/down , acc_only_down', 'down/flat , expr_only_down', 'up/flat , expr_only_up']","['flat/down', 'down/flat', 'up/flat']",0,0,0,1,1,0,1,0,0,expression_only
SLCO3A1,0.10984714292973,0.0350535895124543,-0.634830098377819,7.898580000000001,-2.7676,-1.0791699999999995,"['flat', 'flat', 'down']","['up', 'down', 'down']","['acc_only_up', 'acc_only_down', 'decrease']","[['flat', 'up'], ['flat', 'down'], ['down', 'down']]","['flat/up , acc_only_up', 'flat/down , acc_only_down', 'down/down , decrease']","['flat/up', 'flat/down', 'down/down']",0,1,0,0,0,1,1,0,0,mixed
CHD2,0.609261997047877,0.791385375604955,1.24802362263089,23.40298,-10.3793,10.35468,"['up', 'up', 'up']","['up', 'down', 'up']","['increase', 'expr_up_acc_down', 'increase']","[['up', 'up'], ['up', 'down'], ['up', 'up']]","['up/up , increase', 'up/down , expr_up_acc_down', 'up/up , increase']","['up/up', 'up/down', 'up/up']",2,0,0,0,0,0,0,1,0,mixed
MCTP2,0.338768185295871,0.244315217643381,0.525807999161816,3.56575,4.237299999999999,-2.5389699999999995,"['up', 'up', 'up']","['up', 'up', 'down']","['increase', 'increase', 'expr_up_acc_down']","[['up', 'up'], ['up', 'up'], ['up', 'down']]","['up/up , increase', 'up/up , increase', 'up/down , expr_up_acc_down']","['up/up', 'up/up', 'up/down']",2,0,0,0,0,0,0,1,0,mixed
NR2F2,-0.792181923652985,-0.532197277871877,-0.505639268353374,-3.6541200000000007,-2.23151,-1.7319899999999997,"['down', 'down', 'down']","['down', 'down', 'down']","['decrease', 'decrease', 'decrease']","[['down', 'down'], ['down', 'down'], ['down', 'down']]","['down/down , decrease', 'down/down , decrease', 'down/down , decrease']","['down/down', 'down/down', 'down/down']",0,3,0,0,0,0,0,0,0,expr_acc_down
LOC103231247,0.515322620784927,0.958033765693991,0.985880656837936,-0.7671000000000001,1.09132,0.5167299999999999,"['up', 'up', 'up']","['down', 'up', 'flat']","['expr_up_acc_down', 'increase', 'expr_only_up']","[['up', 'down'], ['up', 'up'], ['up', 'flat']]","['up/down , expr_up_acc_down', 'up/up , increase', 'up/flat , expr_only_up']","['up/down', 'up/up', 'up/flat']",1,0,0,1,0,0,0,1,0,mixed
ARRDC4,1.85199091868203,2.26473679175075,2.12206011852316,-27.389799999999997,-68.08127,-27.7649,"['up', 'up', 'up']","['down', 'down', 'down']","['expr_up_acc_down', 'expr_up_acc_down', 'expr_up_acc_down']","[['up', 'down'], ['up', 'down'], ['up', 'down']]","['up/down , expr_up_acc_down', 'up/down , expr_up_acc_down', 'up/down , expr_up_acc_down']","['up/down', 'up/down', 'up/down']",0,0,0,0,0,0,0,3,0,conflict
IGF1R,-0.174187365248683,-0.463969291614098,-0.646800954667786,2.3151699999999997,4.0577000000000005,-2.05839,"['flat', 'down', 'down']","['up', 'up', 'down']","['acc_only_up', 'expr_down_acc_up', 'decrease']","[['flat', 'up'], ['down', 'up'], ['down', 'down']]","['flat/up , acc_only_up', 'down/up , expr_down_acc_up', 'down/down , decrease']","['flat/up', 'down/up', 'down/down']",0,1,0,0,0,1,0,0,1,mixed
SYNM,-0.783922823217761,-0.605540672393001,-0.820709730392755,-10.7601,-5.360999999999999,-14.861700000000004,"['down', 'down', 'down']","['down', 'down', 'down']","['decrease', 'decrease', 'decrease']","[['down', 'down'], ['down', 'down'], ['down', 'down']]","['down/down , decrease', 'down/down , decrease', 'down/down , decrease']","['down/down', 'down/down', 'down/down']",0,3,0,0,0,0,0,0,0,expr_acc_down
TTC23,-0.498934239535625,-0.442541170008705,-0.8104388904633,1.35051,3.75288,0.3444800000000003,"['down', 'down', 'down']","['up', 'up', 'flat']","['expr_down_acc_up', 'expr_down_acc_up', 'expr_only_down']","[['down', 'up'], ['down', 'up'], ['down', 'flat']]","['down/up , expr_down_acc_up', 'down/up , expr_down_acc_up', 'down/flat , expr_only_down']","['down/up', 'down/up', 'down/flat']",0,0,0,0,1,0,0,0,2,conflict
LRRC28,-0.531656726136141,-0.823602802872365,-1.05147786648134,-31.462070000000004,-6.3842,-11.82409,"['down', 'down', 'down']","['down', 'down', 'down']","['decrease', 'decrease', 'decrease']","[['down', 'down'], ['down', 'down'], ['down', 'down']]","['down/down , decrease', 'down/down , decrease', 'down/down , decrease']","['down/down', 'down/down', 'down/down']",0,3,0,0,0,0,0,0,0,expr_acc_down
MEF2A,-0.139877679243772,-0.27314040022562,-0.164064706774997,-1.0436999999999976,1.4044000000000008,-5.232049999999999,"['flat', 'down', 'flat']","['down', 'up', 'down']","['acc_only_down', 'expr_down_acc_up', 'acc_only_down']","[['flat', 'down'], ['down', 'up'], ['flat', 'down']]","['flat/down , acc_only_down', 'down/up , expr_down_acc_up', 'flat/down , acc_only_down']","['flat/down', 'down/up', 'flat/down']",0,0,0,0,0,0,2,0,1,accessibility_only
LYSMD4,0.594968974157777,0.617987766431975,0.759327165253854,-9.52349,-6.993899999999998,2.1306900000000004,"['up', 'up', 'up']","['down', 'down', 'up']","['expr_up_acc_down', 'expr_up_acc_down', 'increase']","[['up', 'down'], ['up', 'down'], ['up', 'up']]","['up/down , expr_up_acc_down', 'up/down , expr_up_acc_down', 'up/up , increase']","['up/down', 'up/down', 'up/up']",1,0,0,0,0,0,0,2,0,conflict
LOC103231510,1.30619710071546,1.12736830627883,1.71478033360906,1.0622699999999998,1.7580800000000003,-2.36672,"['up', 'up', 'up']","['up', 'up', 'down']","['increase', 'increase', 'expr_up_acc_down']","[['up', 'up'], ['up', 'up'], ['up', 'down']]","['up/up , increase', 'up/up , increase', 'up/down , expr_up_acc_down']","['up/up', 'up/up', 'up/down']",2,0,0,0,0,0,0,1,0,mixed
LINS,0.683165729038717,0.803483932374019,1.1122750998301,-6.622499999999999,-20.2226,-12.59487,"['up', 'up', 'up']","['down', 'down', 'down']","['expr_up_acc_down', 'expr_up_acc_down', 'expr_up_acc_down']","[['up', 'down'], ['up', 'down'], ['up', 'down']]","['up/down , expr_up_acc_down', 'up/down , expr_up_acc_down', 'up/down , expr_up_acc_down']","['up/down', 'up/down', 'up/down']",0,0,0,0,0,0,0,3,0,conflict
ASB7,0.495897106410879,0.794752322948591,0.944457570278089,-6.622499999999999,-20.2226,-15.01582,"['up', 'up', 'up']","['down', 'down', 'down']","['expr_up_acc_down', 'expr_up_acc_down', 'expr_up_acc_down']","[['up', 'down'], ['up', 'down'], ['up', 'down']]","['up/down , expr_up_acc_down', 'up/down , expr_up_acc_down', 'up/down , expr_up_acc_down']","['up/down', 'up/down', 'up/down']",0,0,0,0,0,0,0,3,0,conflict
LOC103231286,0.0,0.0,2.40178883633417,8.28443,2.9092600000000006,1.9765300000000003,"['flat', 'flat', 'up']","['up', 'up', 'up']","['acc_only_up', 'acc_only_up', 'increase']","[['flat', 'up'], ['flat', 'up'], ['up', 'up']]","['flat/up , acc_only_up', 'flat/up , acc_only_up', 'up/up , increase']","['flat/up', 'flat/up', 'up/up']",1,0,0,0,0,2,0,0,0,accessibility_only
ALDH1A3,1.17035097795118,1.25942361972016,-0.198377576918323,9.24678,5.627940000000001,-0.44442,"['up', 'up', 'down']","['up', 'up', 'flat']","['increase', 'increase', 'expr_only_down']","[['up', 'up'], ['up', 'up'], ['down', 'flat']]","['up/up , increase', 'up/up , increase', 'down/flat , expr_only_down']","['up/up', 'up/up', 'down/flat']",2,0,0,0,1,0,0,0,0,mixed
LRRK1,0.643983719890345,0.773256638288395,0.906165090165772,-2.2059999999999995,-2.3512499999999994,-2.8473,"['up', 'up', 'up']","['down', 'down', 'down']","['expr_up_acc_down', 'expr_up_acc_down', 'expr_up_acc_down']","[['up', 'down'], ['up', 'down'], ['up', 'down']]","['up/down , expr_up_acc_down', 'up/down , expr_up_acc_down', 'up/down , expr_up_acc_down']","['up/down', 'up/down', 'up/down']",0,0,0,0,0,0,0,3,0,conflict
CHSY1,0.156855772998602,0.269720879175585,-0.141838632624478,6.069230000000001,2.66431,1.1514600000000002,"['flat', 'up', 'flat']","['up', 'up', 'up']","['acc_only_up', 'increase', 'acc_only_up']","[['flat', 'up'], ['up', 'up'], ['flat', 'up']]","['flat/up , acc_only_up', 'up/up , increase', 'flat/up , acc_only_up']","['flat/up', 'up/up', 'flat/up']",1,0,0,0,0,2,0,0,0,accessibility_only
VIMP,0.0139520517235202,0.0180363924264622,-0.0984749428595299,0.3904899999999989,2.305110000000001,-3.48204,"['flat', 'flat', 'flat']","['flat', 'up', 'down']","['neutral', 'acc_only_up', 'acc_only_down']","[['flat', 'flat'], ['flat', 'up'], ['flat', 'down']]","['flat/flat , neutral', 'flat/up , acc_only_up', 'flat/down , acc_only_down']","['flat/flat', 'flat/up', 'flat/down']",0,0,1,0,0,1,1,0,0,stable
SNRPA1,-0.0445461359292353,0.131970602701087,0.0315146537596345,-1.2482700000000009,2.06016,5.18638,"['flat', 'flat', 'flat']","['down', 'up', 'up']","['acc_only_down', 'acc_only_up', 'acc_only_up']","[['flat', 'down'], ['flat', 'up'], ['flat', 'up']]","['flat/down , acc_only_down', 'flat/up , acc_only_up', 'flat/up , acc_only_up']","['flat/down', 'flat/up', 'flat/up']",0,0,0,0,0,2,1,0,0,accessibility_only
PCSK6,1.35788071348657,3.59708996977739,0.970705204806045,10.49966,0.4273000000000002,0.67089,"['up', 'up', 'up']","['up', 'flat', 'flat']","['increase', 'expr_only_up', 'expr_only_up']","[['up', 'up'], ['up', 'flat'], ['up', 'flat']]","['up/up , increase', 'up/flat , expr_only_up', 'up/flat , expr_only_up']","['up/up', 'up/flat', 'up/flat']",1,0,0,2,0,0,0,0,0,expression_only
TM2D3,0.524715253254017,0.170166459951915,0.454451162688555,-0.0906800000000007,3.883600000000001,-5.09601,"['up', 'flat', 'up']","['flat', 'up', 'down']","['expr_only_up', 'acc_only_up', 'expr_up_acc_down']","[['up', 'flat'], ['flat', 'up'], ['up', 'down']]","['up/flat , expr_only_up', 'flat/up , acc_only_up', 'up/down , expr_up_acc_down']","['up/flat', 'flat/up', 'up/down']",0,0,0,1,0,1,0,1,0,expression_only
TARSL2,1.04240833818634,2.10874763839677,2.1911995894031,-0.8600899999999996,1.8888,5.35862,"['up', 'up', 'up']","['down', 'up', 'up']","['expr_up_acc_down', 'increase', 'increase']","[['up', 'down'], ['up', 'up'], ['up', 'up']]","['up/down , expr_up_acc_down', 'up/up , increase', 'up/up , increase']","['up/down', 'up/up', 'up/up']",2,0,0,0,0,0,0,1,0,mixed
TTC5,-0.108005253335878,-0.0866023101406518,-0.570966222192816,-0.1882999999999999,1.7580800000000003,0.1903100000000002,"['flat', 'flat', 'down']","['flat', 'up', 'flat']","['neutral', 'acc_only_up', 'expr_only_down']","[['flat', 'flat'], ['flat', 'up'], ['down', 'flat']]","['flat/flat , neutral', 'flat/up , acc_only_up', 'down/flat , expr_only_down']","['flat/flat', 'flat/up', 'down/flat']",0,0,1,0,1,1,0,0,0,stable
PARP2,-0.391567507912565,0.0831159043245667,0.032110538083073,-0.6694700000000005,-43.0249,13.464580000000002,"['down', 'flat', 'flat']","['flat', 'down', 'up']","['expr_only_down', 'acc_only_down', 'acc_only_up']","[['down', 'flat'], ['flat', 'down'], ['flat', 'up']]","['down/flat , expr_only_down', 'flat/down , acc_only_down', 'flat/up , acc_only_up']","['down/flat', 'flat/down', 'flat/up']",0,0,0,0,1,1,1,0,0,expression_only
TEP1,0.0898367567425087,-0.384249189591844,-0.0752039862345914,-0.47886,1.03145,-1.5778199999999996,"['flat', 'down', 'flat']","['flat', 'up', 'down']","['neutral', 'expr_down_acc_up', 'acc_only_down']","[['flat', 'flat'], ['down', 'up'], ['flat', 'down']]","['flat/flat , neutral', 'down/up , expr_down_acc_up', 'flat/down , acc_only_down']","['flat/flat', 'down/up', 'flat/down']",0,0,1,0,0,0,1,0,1,stable
PNP,0.693834067856974,0.177637760293253,0.0389513057551542,28.991010000000003,-2.879100000000001,0.2083900000000005,"['up', 'up', 'flat']","['up', 'down', 'flat']","['increase', 'expr_up_acc_down', 'neutral']","[['up', 'up'], ['up', 'down'], ['flat', 'flat']]","['up/up , increase', 'up/down , expr_up_acc_down', 'flat/flat , neutral']","['up/up', 'up/down', 'flat/flat']",1,0,1,0,0,0,0,1,0,mixed
RNASE11,1.97292372344719,0.532689211578852,-0.489786175856015,8.57268,-0.66127,0.3444800000000003,"['up', 'up', 'down']","['up', 'flat', 'flat']","['increase', 'expr_only_up', 'expr_only_down']","[['up', 'up'], ['up', 'flat'], ['down', 'flat']]","['up/up , increase', 'up/flat , expr_only_up', 'down/flat , expr_only_down']","['up/up', 'up/flat', 'down/flat']",1,0,0,1,1,0,0,0,0,mixed
TRNAP-AGG,3.89488175537216,1.7732705310491,3.28424153510045,1.83629,1.69822,-7.82527,"['up', 'up', 'up']","['up', 'up', 'down']","['increase', 'increase', 'expr_up_acc_down']","[['up', 'up'], ['up', 'up'], ['up', 'down']]","['up/up , increase', 'up/up , increase', 'up/down , expr_up_acc_down']","['up/up', 'up/up', 'up/down']",2,0,0,0,0,0,0,1,0,mixed
TRNAL-AAG,-0.120840656015419,3.58710780226495,2.5522514682025,1.83629,1.69822,-7.82527,"['flat', 'up', 'up']","['up', 'up', 'down']","['acc_only_up', 'increase', 'expr_up_acc_down']","[['flat', 'up'], ['up', 'up'], ['up', 'down']]","['flat/up , acc_only_up', 'up/up , increase', 'up/down , expr_up_acc_down']","['flat/up', 'up/up', 'up/down']",1,0,0,0,0,1,0,1,0,mixed
TRNAT-UGU,-0.88306176973163,-1.29878870659716,1.18882234460381,5.59034,3.14873,2.1306900000000004,"['down', 'down', 'up']","['up', 'up', 'up']","['expr_down_acc_up', 'expr_down_acc_up', 'increase']","[['down', 'up'], ['down', 'up'], ['up', 'up']]","['down/up , expr_down_acc_up', 'down/up , expr_down_acc_up', 'up/up , increase']","['down/up', 'down/up', 'up/up']",1,0,0,0,0,0,0,0,2,conflict
TRNAL-UAG,3.48843621730443,2.57295093121775,2.76834431496428,4.820929999999999,2.54457,1.9765300000000003,"['up', 'up', 'up']","['up', 'up', 'up']","['increase', 'increase', 'increase']","[['up', 'up'], ['up', 'up'], ['up', 'up']]","['up/up , increase', 'up/up , increase', 'up/up , increase']","['up/up', 'up/up', 'up/up']",3,0,0,0,0,0,0,0,0,expr_acc_up
ANG,-0.290486166213979,0.463842311675754,-0.631758017821186,-6.729500000000002,3.0888600000000004,-8.305869999999999,"['down', 'up', 'down']","['down', 'up', 'down']","['decrease', 'increase', 'decrease']","[['down', 'down'], ['up', 'up'], ['down', 'down']]","['down/down , decrease', 'up/up , increase', 'down/down , decrease']","['down/down', 'up/up', 'down/down']",1,2,0,0,0,0,0,0,0,mixed
RNASE4,-0.453607598937586,-0.601411181717318,-0.88817570920115,-6.729500000000002,3.0888600000000004,-8.305869999999999,"['down', 'down', 'down']","['down', 'up', 'down']","['decrease', 'expr_down_acc_up', 'decrease']","[['down', 'down'], ['down', 'up'], ['down', 'down']]","['down/down , decrease', 'down/up , expr_down_acc_up', 'down/down , decrease']","['down/down', 'down/up', 'down/down']",0,2,0,0,0,0,0,0,1,mixed
METTL17,0.0574188404145588,0.0093735509424637,0.351223586359447,-7.972999999999999,-15.397620000000002,-4.579289999999999,"['flat', 'flat', 'up']","['down', 'down', 'down']","['acc_only_down', 'acc_only_down', 'expr_up_acc_down']","[['flat', 'down'], ['flat', 'down'], ['up', 'down']]","['flat/down , acc_only_down', 'flat/down , acc_only_down', 'up/down , expr_up_acc_down']","['flat/down', 'flat/down', 'up/down']",0,0,0,0,0,0,2,1,0,accessibility_only
NDRG2,0.0587806926798014,0.105875603956072,0.808853988890836,0.00231,-1.8695800000000005,-0.1360899999999998,"['flat', 'flat', 'up']","['flat', 'down', 'flat']","['neutral', 'acc_only_down', 'expr_only_up']","[['flat', 'flat'], ['flat', 'down'], ['up', 'flat']]","['flat/flat , neutral', 'flat/down , acc_only_down', 'up/flat , expr_only_up']","['flat/flat', 'flat/down', 'up/flat']",0,0,1,1,0,0,1,0,0,stable
ARHGEF40,-0.143758683028705,-0.474117470093848,-0.368534139203344,2.1290999999999976,-1.56475,-2.656989999999998,"['flat', 'down', 'down']","['up', 'down', 'down']","['acc_only_up', 'decrease', 'decrease']","[['flat', 'up'], ['down', 'down'], ['down', 'down']]","['flat/up , acc_only_up', 'down/down , decrease', 'down/down , decrease']","['flat/up', 'down/down', 'down/down']",0,2,0,0,0,1,0,0,0,mixed
ZNF219,0.6326567711363,0.745283934286217,1.0797946081634,0.7740399999999994,2.8466500000000003,-2.36672,"['up', 'up', 'up']","['up', 'up', 'down']","['increase', 'increase', 'expr_up_acc_down']","[['up', 'up'], ['up', 'up'], ['up', 'down']]","['up/up , increase', 'up/up , increase', 'up/down , expr_up_acc_down']","['up/up', 'up/up', 'up/down']",2,0,0,0,0,0,0,1,0,mixed
TMEM253,3.2481259799333,2.55744891910416,1.24436717357716,0.8693399999999998,-0.23672,0.8431300000000004,"['up', 'up', 'up']","['up', 'flat', 'up']","['increase', 'expr_only_up', 'increase']","[['up', 'up'], ['up', 'flat'], ['up', 'up']]","['up/up , increase', 'up/flat , expr_only_up', 'up/up , increase']","['up/up', 'up/flat', 'up/up']",2,0,0,1,0,0,0,0,0,mixed
HNRNPC,-0.425164221857184,0.127625164125615,-0.0405346056833844,-0.9600300000000002,1.6356000000000002,0.9973,"['down', 'flat', 'flat']","['down', 'up', 'up']","['decrease', 'acc_only_up', 'acc_only_up']","[['down', 'down'], ['flat', 'up'], ['flat', 'up']]","['down/down , decrease', 'flat/up , acc_only_up', 'flat/up , acc_only_up']","['down/down', 'flat/up', 'flat/up']",0,1,0,0,0,2,0,0,0,accessibility_only
SUPT16H,-0.364529895536893,-0.0225638368494318,-0.433371906516725,-5.764800000000001,-1.7443499999999998,-9.74757,"['down', 'flat', 'down']","['down', 'down', 'down']","['decrease', 'acc_only_down', 'decrease']","[['down', 'down'], ['flat', 'down'], ['down', 'down']]","['down/down , decrease', 'flat/down , acc_only_down', 'down/down , decrease']","['down/down', 'flat/down', 'down/down']",0,2,0,0,0,0,1,0,0,mixed
CHD8,0.0405116273086443,0.538685100085263,0.608138385954038,-15.87629,-1.8695800000000005,0.5348000000000006,"['flat', 'up', 'up']","['down', 'down', 'flat']","['acc_only_down', 'expr_up_acc_down', 'expr_only_up']","[['flat', 'down'], ['up', 'down'], ['up', 'flat']]","['flat/down , acc_only_down', 'up/down , expr_up_acc_down', 'up/flat , expr_only_up']","['flat/down', 'up/down', 'up/flat']",0,0,0,1,0,0,1,1,0,expression_only
RAB2B,0.293444766596452,0.747556263865445,0.989751950521839,-2.30358,-1.4422699999999995,-20.32027,"['up', 'up', 'up']","['down', 'down', 'down']","['expr_up_acc_down', 'expr_up_acc_down', 'expr_up_acc_down']","[['up', 'down'], ['up', 'down'], ['up', 'down']]","['up/down , expr_up_acc_down', 'up/down , expr_up_acc_down', 'up/down , expr_up_acc_down']","['up/down', 'up/down', 'up/down']",0,0,0,0,0,0,0,3,0,conflict
TOX4,-0.560736654324429,-0.229283605364988,0.015169692049955,-2.30358,-5.252269999999999,-14.67139,"['down', 'down', 'flat']","['down', 'down', 'down']","['decrease', 'decrease', 'acc_only_down']","[['down', 'down'], ['down', 'down'], ['flat', 'down']]","['down/down , decrease', 'down/down , decrease', 'flat/down , acc_only_down']","['down/down', 'down/down', 'flat/down']",0,2,0,0,0,0,1,0,0,mixed
METTL3,-0.209776277652345,-0.496905188550403,-0.310195925946667,1.7363799999999996,-46.9387,8.58653,"['down', 'down', 'down']","['up', 'down', 'up']","['expr_down_acc_up', 'decrease', 'expr_down_acc_up']","[['down', 'up'], ['down', 'down'], ['down', 'up']]","['down/up , expr_down_acc_up', 'down/down , decrease', 'down/up , expr_down_acc_up']","['down/up', 'down/down', 'down/up']",0,1,0,0,0,0,0,0,2,conflict
SALL2,-0.685677283284574,-0.368264131826885,-0.413482882433399,-2.88471,0.6695100000000007,-1.0972399999999998,"['down', 'down', 'down']","['down', 'flat', 'down']","['decrease', 'expr_only_down', 'decrease']","[['down', 'down'], ['down', 'flat'], ['down', 'down']]","['down/down , decrease', 'down/flat , expr_only_down', 'down/down , decrease']","['down/down', 'down/flat', 'down/down']",0,2,0,0,1,0,0,0,0,mixed
LOC103231419,0.0,0.0,1.95803895786842,8.28443,4.41964,-2.05839,"['flat', 'flat', 'up']","['up', 'up', 'down']","['acc_only_up', 'acc_only_up', 'expr_up_acc_down']","[['flat', 'up'], ['flat', 'up'], ['up', 'down']]","['flat/up , acc_only_up', 'flat/up , acc_only_up', 'up/down , expr_up_acc_down']","['flat/up', 'flat/up', 'up/down']",0,0,0,0,0,2,0,1,0,accessibility_only
LOC103231438,0.698589085337982,2.0727783391456,3.28227798745801,3.663380000000001,-2.28864,-4.13486,"['up', 'up', 'up']","['up', 'down', 'down']","['increase', 'expr_up_acc_down', 'expr_up_acc_down']","[['up', 'up'], ['up', 'down'], ['up', 'down']]","['up/up , increase', 'up/down , expr_up_acc_down', 'up/down , expr_up_acc_down']","['up/up', 'up/down', 'up/down']",1,0,0,0,0,0,0,2,0,conflict
DAD1,-0.63821327032762,-0.620734675553107,-1.80287645063573,-1.9223700000000004,0.2449499999999997,1.1514600000000002,"['down', 'down', 'down']","['down', 'flat', 'up']","['decrease', 'expr_only_down', 'expr_down_acc_up']","[['down', 'down'], ['down', 'flat'], ['down', 'up']]","['down/down , decrease', 'down/flat , expr_only_down', 'down/up , expr_down_acc_up']","['down/down', 'down/flat', 'down/up']",0,1,0,0,1,0,0,0,1,mixed
ABHD4,-1.22780046442732,-1.29876963250687,-1.46113072510467,-11.341199999999995,-3.7309,-7.48084,"['down', 'down', 'down']","['down', 'down', 'down']","['decrease', 'decrease', 'decrease']","[['down', 'down'], ['down', 'down'], ['down', 'down']]","['down/down , decrease', 'down/down , decrease', 'down/down , decrease']","['down/down', 'down/down', 'down/down']",0,3,0,0,0,0,0,0,0,expr_acc_down
LOC103231443,-0.495943839889387,-0.822577186298159,-0.560005432978383,-6.146000000000001,-13.157800000000002,-15.01582,"['down', 'down', 'down']","['down', 'down', 'down']","['decrease', 'decrease', 'decrease']","[['down', 'down'], ['down', 'down'], ['down', 'down']]","['down/down , decrease', 'down/down , decrease', 'down/down , decrease']","['down/down', 'down/down', 'down/down']",0,3,0,0,0,0,0,0,0,expr_acc_down
MRPL52,-1.03564469129752,-1.01704548954778,-1.528434627958,-2.78709,2.18264,-0.44442,"['down', 'down', 'down']","['down', 'up', 'flat']","['decrease', 'expr_down_acc_up', 'expr_only_down']","[['down', 'down'], ['down', 'up'], ['down', 'flat']]","['down/down , decrease', 'down/up , expr_down_acc_up', 'down/flat , expr_only_down']","['down/down', 'down/up', 'down/flat']",0,1,0,0,1,0,0,0,1,mixed
MMP14,-0.623248240739279,-0.676922601751284,-1.02584958129555,-5.095280000000001,-2.10632,0.3625600000000002,"['down', 'down', 'down']","['down', 'down', 'flat']","['decrease', 'decrease', 'expr_only_down']","[['down', 'down'], ['down', 'down'], ['down', 'flat']]","['down/down , decrease', 'down/down , decrease', 'down/flat , expr_only_down']","['down/down', 'down/down', 'down/flat']",0,2,0,0,1,0,0,0,0,mixed
LOC103231445,1.05410501841017,3.43840620047964,3.96070892584791,-1.4411999999999998,4.78159,-2.21256,"['up', 'up', 'up']","['down', 'up', 'down']","['expr_up_acc_down', 'increase', 'expr_up_acc_down']","[['up', 'down'], ['up', 'up'], ['up', 'down']]","['up/down , expr_up_acc_down', 'up/up , increase', 'up/down , expr_up_acc_down']","['up/down', 'up/up', 'up/down']",1,0,0,0,0,0,0,2,0,conflict
LRP10,-0.644527713532441,-0.927578012400854,-0.937378316016832,-16.155400000000004,-9.407699999999998,-15.65054,"['down', 'down', 'down']","['down', 'down', 'down']","['decrease', 'decrease', 'decrease']","[['down', 'down'], ['down', 'down'], ['down', 'down']]","['down/down , decrease', 'down/down , decrease', 'down/down , decrease']","['down/down', 'down/down', 'down/down']",0,3,0,0,0,0,0,0,0,expr_acc_down
REM2,1.88996142512231,3.42568347520965,2.87288934032333,-3.46119,-0.4190599999999995,-2.69314,"['up', 'up', 'up']","['down', 'flat', 'down']","['expr_up_acc_down', 'expr_only_up', 'expr_up_acc_down']","[['up', 'down'], ['up', 'flat'], ['up', 'down']]","['up/down , expr_up_acc_down', 'up/flat , expr_only_up', 'up/down , expr_up_acc_down']","['up/down', 'up/flat', 'up/down']",0,0,0,1,0,0,0,2,0,conflict
RBM23,-0.367757871917123,-0.355652657960107,0.0072718079599076,-55.04178,1.6356000000000002,0.3444800000000003,"['down', 'down', 'flat']","['down', 'up', 'flat']","['decrease', 'expr_down_acc_up', 'neutral']","[['down', 'down'], ['down', 'up'], ['flat', 'flat']]","['down/down , decrease', 'down/up , expr_down_acc_up', 'flat/flat , neutral']","['down/down', 'down/up', 'flat/flat']",0,1,1,0,0,0,0,0,1,mixed
PRMT5,-0.410198665523533,-0.377219923727715,-0.691950734254223,-1.3042000000000016,-2.17165,-42.10029,"['down', 'down', 'down']","['down', 'down', 'down']","['decrease', 'decrease', 'decrease']","[['down', 'down'], ['down', 'down'], ['down', 'down']]","['down/down , decrease', 'down/down , decrease', 'down/down , decrease']","['down/down', 'down/down', 'down/down']",0,3,0,0,0,0,0,0,0,expr_acc_down
TRNAR-ACG,1.40873251653841,0.664376234854734,3.2753400760204,-1.3042000000000016,1.63835,-32.4165,"['up', 'up', 'up']","['down', 'up', 'down']","['expr_up_acc_down', 'increase', 'expr_up_acc_down']","[['up', 'down'], ['up', 'up'], ['up', 'down']]","['up/down , expr_up_acc_down', 'up/up , increase', 'up/down , expr_up_acc_down']","['up/down', 'up/up', 'up/down']",1,0,0,0,0,0,0,2,0,conflict
HAUS4,-0.761366789380852,-0.684990708401189,-1.21082235139693,6.745609999999999,12.46147,3.89883,"['down', 'down', 'down']","['up', 'up', 'up']","['expr_down_acc_up', 'expr_down_acc_up', 'expr_down_acc_up']","[['down', 'up'], ['down', 'up'], ['down', 'up']]","['down/up , expr_down_acc_up', 'down/up , expr_down_acc_up', 'down/up , expr_down_acc_up']","['down/up', 'down/up', 'down/up']",0,0,0,0,0,0,0,0,3,conflict
AJUBA,-0.528300731089929,-0.414600458099829,-0.442014134613092,-4.2306,-2.0491699999999997,-0.5985899999999997,"['down', 'down', 'down']","['down', 'down', 'flat']","['decrease', 'decrease', 'expr_only_down']","[['down', 'down'], ['down', 'down'], ['down', 'flat']]","['down/down , decrease', 'down/down , decrease', 'down/flat , expr_only_down']","['down/down', 'down/down', 'down/flat']",0,2,0,0,1,0,0,0,0,mixed
LOC103231455,-0.958111715922547,-1.47207976475424,-2.49644693815833,2.796339999999999,-0.5360400000000007,-1.5597399999999997,"['down', 'down', 'down']","['up', 'flat', 'down']","['expr_down_acc_up', 'expr_only_down', 'decrease']","[['down', 'up'], ['down', 'flat'], ['down', 'down']]","['down/up , expr_down_acc_up', 'down/flat , expr_only_down', 'down/down , decrease']","['down/up', 'down/flat', 'down/down']",0,1,0,0,1,0,0,0,1,mixed
C29H14orf93,-0.516635312025925,-1.16767058653191,-0.474983862642735,1.4481399999999995,0.1252200000000005,0.3444800000000003,"['down', 'down', 'down']","['up', 'flat', 'flat']","['expr_down_acc_up', 'expr_only_down', 'expr_only_down']","[['down', 'up'], ['down', 'flat'], ['down', 'flat']]","['down/up , expr_down_acc_up', 'down/flat , expr_only_down', 'down/flat , expr_only_down']","['down/up', 'down/flat', 'down/flat']",0,0,0,0,2,0,0,0,1,expression_only
LOC103231527,2.64444966753669,1.0840411503158,0.0,-0.4510999999999967,-15.732099999999996,-26.8037,"['up', 'up', 'flat']","['flat', 'down', 'down']","['expr_only_up', 'expr_up_acc_down', 'acc_only_down']","[['up', 'flat'], ['up', 'down'], ['flat', 'down']]","['up/flat , expr_only_up', 'up/down , expr_up_acc_down', 'flat/down , acc_only_down']","['up/flat', 'up/down', 'flat/down']",0,0,0,1,0,0,1,1,0,expression_only
PSMB5,-0.403896243191705,-0.754291772425506,-1.1363339593371,17.0547,-13.65049,-6.05719,"['down', 'down', 'down']","['up', 'down', 'down']","['expr_down_acc_up', 'decrease', 'decrease']","[['down', 'up'], ['down', 'down'], ['down', 'down']]","['down/up , expr_down_acc_up', 'down/down , decrease', 'down/down , decrease']","['down/up', 'down/down', 'down/down']",0,2,0,0,0,0,0,0,1,mixed
CDH24,0.430491481843301,0.188493430773301,0.119141976614069,-0.9600300000000002,2.6044500000000004,-0.44442,"['up', 'up', 'flat']","['down', 'up', 'flat']","['expr_up_acc_down', 'increase', 'neutral']","[['up', 'down'], ['up', 'up'], ['flat', 'flat']]","['up/down , expr_up_acc_down', 'up/up , increase', 'flat/flat , neutral']","['up/down', 'up/up', 'flat/flat']",1,0,1,0,0,0,0,1,0,mixed
ACIN1,-0.0501732044073217,0.402000007817294,0.778109893115738,2.901,-3.1377399999999995,-1.5597399999999997,"['flat', 'up', 'up']","['up', 'down', 'down']","['acc_only_up', 'expr_up_acc_down', 'expr_up_acc_down']","[['flat', 'up'], ['up', 'down'], ['up', 'down']]","['flat/up , acc_only_up', 'up/down , expr_up_acc_down', 'up/down , expr_up_acc_down']","['flat/up', 'up/down', 'up/down']",0,0,0,0,0,1,0,2,0,conflict
C29H14orf119,-1.01935402644557,-0.400377369308845,-0.570391077203149,-1.3111999999999997,-51.4452,-43.19745,"['down', 'down', 'down']","['down', 'down', 'down']","['decrease', 'decrease', 'decrease']","[['down', 'down'], ['down', 'down'], ['down', 'down']]","['down/down , decrease', 'down/down , decrease', 'down/down , decrease']","['down/down', 'down/down', 'down/down']",0,3,0,0,0,0,0,0,0,expr_acc_down
CEBPE,-2.41657470559223,2.52123405519037,2.40195799199596,-0.47886,1.81795,-1.5778199999999996,"['down', 'up', 'up']","['flat', 'up', 'down']","['expr_only_down', 'increase', 'expr_up_acc_down']","[['down', 'flat'], ['up', 'up'], ['up', 'down']]","['down/flat , expr_only_down', 'up/up , increase', 'up/down , expr_up_acc_down']","['down/flat', 'up/up', 'up/down']",1,0,0,0,1,0,0,1,0,mixed
SLC7A8,-0.0370731953446249,-0.184301174344381,-0.654123242718627,-3.84705,0.7293700000000003,0.3444800000000003,"['flat', 'down', 'down']","['down', 'up', 'flat']","['acc_only_down', 'expr_down_acc_up', 'expr_only_down']","[['flat', 'down'], ['down', 'up'], ['down', 'flat']]","['flat/down , acc_only_down', 'down/up , expr_down_acc_up', 'down/flat , expr_only_down']","['flat/down', 'down/up', 'down/flat']",0,0,0,0,1,0,1,0,1,expression_only
HOMEZ,-0.739307100569711,-0.862767441185476,-0.915322690091084,-0.1882999999999999,-3.37996,-28.880199999999995,"['down', 'down', 'down']","['flat', 'down', 'down']","['expr_only_down', 'decrease', 'decrease']","[['down', 'flat'], ['down', 'down'], ['down', 'down']]","['down/flat , expr_only_down', 'down/down , decrease', 'down/down , decrease']","['down/flat', 'down/down', 'down/down']",0,2,0,0,1,0,0,0,0,mixed
PPP1R3E,0.271153579879885,-0.289550821143516,-0.944238806110895,-6.729500000000002,2.1200299999999994,7.60735,"['up', 'down', 'down']","['down', 'up', 'up']","['expr_up_acc_down', 'expr_down_acc_up', 'expr_down_acc_up']","[['up', 'down'], ['down', 'up'], ['down', 'up']]","['up/down , expr_up_acc_down', 'down/up , expr_down_acc_up', 'down/up , expr_down_acc_up']","['up/down', 'down/up', 'down/up']",0,0,0,0,0,0,0,1,2,conflict
LOC103231470,0.326300173935337,0.120746135683178,0.836132803428399,-0.2812999999999999,-8.6921,-1.88615,"['up', 'flat', 'up']","['flat', 'down', 'down']","['expr_only_up', 'acc_only_down', 'expr_up_acc_down']","[['up', 'flat'], ['flat', 'down'], ['up', 'down']]","['up/flat , expr_only_up', 'flat/down , acc_only_down', 'up/down , expr_up_acc_down']","['up/flat', 'flat/down', 'up/down']",0,0,0,1,0,0,1,1,0,expression_only
PABPN1,-0.267042533605315,-0.376460584896386,0.127442016320963,-26.118399999999998,-82.94561999999999,-48.23929999999999,"['down', 'down', 'flat']","['down', 'down', 'down']","['decrease', 'decrease', 'acc_only_down']","[['down', 'down'], ['down', 'down'], ['flat', 'down']]","['down/down , decrease', 'down/down , decrease', 'flat/down , acc_only_down']","['down/down', 'down/down', 'flat/down']",0,2,0,0,0,0,1,0,0,mixed
SLC22A17,0.173144731909606,0.748070806648111,1.63813167192805,0.6764099999999997,-0.1169799999999998,-0.1360899999999998,"['flat', 'up', 'up']","['flat', 'flat', 'flat']","['neutral', 'expr_only_up', 'expr_only_up']","[['flat', 'flat'], ['up', 'flat'], ['up', 'flat']]","['flat/flat , neutral', 'up/flat , expr_only_up', 'up/flat , expr_only_up']","['flat/flat', 'up/flat', 'up/flat']",0,0,1,2,0,0,0,0,0,expression_only
EFS,0.160597813422649,1.41544988214013,0.76908813226789,1.1575899999999997,1.09132,0.3444800000000003,"['flat', 'up', 'up']","['up', 'up', 'flat']","['acc_only_up', 'increase', 'expr_only_up']","[['flat', 'up'], ['up', 'up'], ['up', 'flat']]","['flat/up , acc_only_up', 'up/up , increase', 'up/flat , expr_only_up']","['flat/up', 'up/up', 'up/flat']",1,0,0,1,0,1,0,0,0,mixed
NGDN,0.257775969642474,1.04339973754818,1.17035255632274,-45.799600000000005,-22.0894,3.109910000000001,"['up', 'up', 'up']","['down', 'down', 'up']","['expr_up_acc_down', 'expr_up_acc_down', 'increase']","[['up', 'down'], ['up', 'down'], ['up', 'up']]","['up/down , expr_up_acc_down', 'up/down , expr_up_acc_down', 'up/up , increase']","['up/down', 'up/down', 'up/up']",1,0,0,0,0,0,0,2,0,conflict
THTPA,-0.960895048916971,-1.71628268532287,-1.83014814669221,0.6764099999999997,1.2736600000000005,0.1903100000000002,"['down', 'down', 'down']","['flat', 'up', 'flat']","['expr_only_down', 'expr_down_acc_up', 'expr_only_down']","[['down', 'flat'], ['down', 'up'], ['down', 'flat']]","['down/flat , expr_only_down', 'down/up , expr_down_acc_up', 'down/flat , expr_only_down']","['down/flat', 'down/up', 'down/flat']",0,0,0,0,2,0,0,0,1,expression_only
LOC103231486,0.556034131738621,1.15426238181844,1.1890414371285,0.6764099999999997,1.87781,1.1514600000000002,"['up', 'up', 'up']","['flat', 'up', 'up']","['expr_only_up', 'increase', 'increase']","[['up', 'flat'], ['up', 'up'], ['up', 'up']]","['up/flat , expr_only_up', 'up/up , increase', 'up/up , increase']","['up/flat', 'up/up', 'up/up']",2,0,0,1,0,0,0,0,0,mixed
ZFHX2,0.20031467736816,0.577720564855888,0.635616919805781,0.6764099999999997,0.9715900000000004,1.1514600000000002,"['up', 'up', 'up']","['flat', 'up', 'up']","['expr_only_up', 'increase', 'increase']","[['up', 'flat'], ['up', 'up'], ['up', 'up']]","['up/flat , expr_only_up', 'up/up , increase', 'up/up , increase']","['up/flat', 'up/up', 'up/up']",2,0,0,1,0,0,0,0,0,mixed
AP1G2,-0.401285266744942,-0.146823761460493,-0.172982938398957,0.4834899999999997,0.5470299999999999,0.67089,"['down', 'flat', 'flat']","['flat', 'flat', 'flat']","['expr_only_down', 'neutral', 'neutral']","[['down', 'flat'], ['flat', 'flat'], ['flat', 'flat']]","['down/flat , expr_only_down', 'flat/flat , neutral', 'flat/flat , neutral']","['down/flat', 'flat/flat', 'flat/flat']",0,0,2,0,1,0,0,0,0,stable
JPH4,0.0,2.56952512592658,0.0,2.50579,-4.28618,0.1903100000000002,"['flat', 'up', 'flat']","['up', 'down', 'flat']","['acc_only_up', 'expr_up_acc_down', 'neutral']","[['flat', 'up'], ['up', 'down'], ['flat', 'flat']]","['flat/up , acc_only_up', 'up/down , expr_up_acc_down', 'flat/flat , neutral']","['flat/up', 'up/down', 'flat/flat']",0,0,1,0,0,1,0,1,0,stable
