gene_name,expr_delta_12h,expr_delta_18h,expr_delta_24h,acc_delta_12h_tss,acc_delta_18h_tss,acc_delta_24h_tss,expr_dir,acc_tss_dir,expr_acc_tss_agreement,expr_acc_direction_pairs,expr_acc_agreement_verbose,expr_acc_direction_pairs_str,increase,decrease,neutral,expr_only_up,expr_only_down,acc_only_up,acc_only_down,expr_up_acc_down,expr_down_acc_up,agreement_class,expression_pattern,accessibility_pattern,combined_pattern,combined_label,expr_peak_time,expr_amplitude,expr_num_inflections,expr_rise_duration,expr_fall_duration
LOC103231493,1.8654740352616,1.00081145842128,1.26161160196598,-14.4236,-11.5278,-10.21012,"['up', 'up', 'up']","['down', 'down', 'down']","['expr_up_acc_down', 'expr_up_acc_down', 'expr_up_acc_down']","[['up', 'down'], ['up', 'down'], ['up', 'down']]","['up/down , expr_up_acc_down', 'up/down , expr_up_acc_down', 'up/down , expr_up_acc_down']","['up/down', 'up/down', 'up/down']",0,0,0,0,0,0,0,3,0,conflict,late up,gradual up,late up & gradual up,late up & gradual up | conflict,12.0,0.9051514025233377,1,0.0,7.636363636363637
LOC103231072,0.130455316017271,-0.589669326504983,-0.0858552887324218,0.8693399999999998,-0.1169799999999998,0.1903100000000002,"['up', 'down', 'down']","['up', 'flat', 'flat']","['increase', 'expr_only_down', 'expr_only_down']","[['up', 'up'], ['down', 'flat'], ['down', 'flat']]","['up/up , increase', 'down/flat , expr_only_down', 'down/flat , expr_only_down']","['up/up', 'down/flat', 'down/flat']",1,0,0,0,2,0,0,0,0,expression_only,late up,late up,late up & late up,late up & late up | expression_only,12.0,0.7248993448856913,1,0.0,6.545454545454547
LOC103231071,0.137625640530898,-0.66793094670994,-0.174290978069005,-11.73407,-9.4813,-4.941839999999999,"['up', 'down', 'down']","['down', 'down', 'down']","['expr_up_acc_down', 'decrease', 'decrease']","[['up', 'down'], ['down', 'down'], ['down', 'down']]","['up/down , expr_up_acc_down', 'down/down , decrease', 'down/down , decrease']","['up/down', 'down/down', 'down/down']",0,2,0,0,0,0,0,1,0,mixed,late up,gradual up,late up & gradual up,late up & gradual up | mixed,12.0,0.8148655564477353,1,0.0,6.666666666666668
LOC103231075,0.372281113598764,-0.362763384025141,-0.328311919729589,-5.186,6.188699999999997,-5.540389999999999,"['up', 'down', 'down']","['down', 'up', 'down']","['expr_up_acc_down', 'expr_down_acc_up', 'decrease']","[['up', 'down'], ['down', 'up'], ['down', 'down']]","['up/down , expr_up_acc_down', 'down/up , expr_down_acc_up', 'down/down , decrease']","['up/down', 'down/up', 'down/down']",0,1,0,0,0,0,0,1,1,conflict,late up,late down,late up & late down,late up & late down | conflict,12.0,0.8147768025209008,1,0.0,8.727272727272727
ADAMTSL3,-0.699145526712218,-1.38388248800473,-2.26120810642573,-3.74943,-3.98411,0.9973,"['down', 'down', 'down']","['down', 'down', 'up']","['decrease', 'decrease', 'expr_down_acc_up']","[['down', 'down'], ['down', 'down'], ['down', 'up']]","['down/down , decrease', 'down/down , decrease', 'down/up , expr_down_acc_up']","['down/down', 'down/down', 'down/up']",0,2,0,0,0,0,0,0,1,mixed,gradual down,flat,gradual down & flat,gradual down & flat | mixed,12.0,1.562062579713512,0,0.0,12.0
SH3GL3,0.644003417028752,1.38555479821728,1.59824694948725,-0.2859300000000004,0.5470299999999999,0.67089,"['up', 'up', 'up']","['down', 'up', 'up']","['expr_up_acc_down', 'increase', 'increase']","[['up', 'down'], ['up', 'up'], ['up', 'up']]","['up/down , expr_up_acc_down', 'up/up , increase', 'up/up , increase']","['up/down', 'up/up', 'up/up']",2,0,0,0,0,0,0,1,0,mixed,gradual up,flat,gradual up & flat,gradual up & flat | mixed,23.393939393939394,0.9567715528193274,1,11.393939393939394,0.0
LOC103231079,1.89804167414367,3.91903751983342,4.72504606315165,0.4834899999999997,-0.7211399999999997,-1.5778199999999996,"['up', 'up', 'up']","['up', 'down', 'down']","['increase', 'expr_up_acc_down', 'expr_up_acc_down']","[['up', 'up'], ['up', 'down'], ['up', 'down']]","['up/up , increase', 'up/down , expr_up_acc_down', 'up/down , expr_up_acc_down']","['up/up', 'up/down', 'up/down']",1,0,0,0,0,0,0,2,0,conflict,gradual up,gradual down,gradual up & gradual down,gradual up & gradual down | conflict,24.0,2.82700438900798,0,12.0,0.0
LOC103231081,-0.0847979279983068,0.0904625252103807,-0.0981108992550098,1.7363799999999996,2.1200299999999994,0.9973,"['down', 'up', 'down']","['up', 'up', 'up']","['expr_down_acc_up', 'increase', 'expr_down_acc_up']","[['down', 'up'], ['up', 'up'], ['down', 'up']]","['down/up , expr_down_acc_up', 'up/up , increase', 'down/up , expr_down_acc_up']","['down/up', 'up/up', 'down/up']",1,0,0,0,0,0,0,0,2,conflict,late down,late down,late down & late down,late down & late down | conflict,17.939393939393938,0.1886221006350028,1,0.0,6.060606060606062
BTBD1,0.000460476026951,0.364901934728485,-0.0951322339081792,-7.861600000000003,-9.576399999999996,-19.01464,"['flat', 'up', 'down']","['down', 'down', 'down']","['acc_only_down', 'expr_up_acc_down', 'decrease']","[['flat', 'down'], ['up', 'down'], ['down', 'down']]","['flat/down , acc_only_down', 'up/down , expr_up_acc_down', 'down/down , decrease']","['flat/down', 'up/down', 'down/down']",0,1,0,0,0,0,1,1,0,mixed,late down,gradual down,late down & gradual down,late down & gradual down | mixed,17.696969696969695,0.4613966061805083,1,0.0,6.3030303030303045
C29H15orf40,-0.855717406736963,-0.299331585511299,-0.766874414221806,-17.50817,-11.761699999999998,-9.55725,"['down', 'down', 'down']","['down', 'down', 'down']","['decrease', 'decrease', 'decrease']","[['down', 'down'], ['down', 'down'], ['down', 'down']]","['down/down , decrease', 'down/down , decrease', 'down/down , decrease']","['down/down', 'down/down', 'down/down']",0,3,0,0,0,0,0,0,0,expr_acc_down,late down,gradual up,late down & gradual up,late down & gradual up | expr_acc_down,18.303030303030305,0.5573234329513346,1,6.3030303030303045,0.0
FAM103A1,-0.685928146133757,-0.687228306036608,-1.02170372947806,53.64226,8.71132,18.09815,"['down', 'down', 'down']","['up', 'up', 'up']","['expr_down_acc_up', 'expr_down_acc_up', 'expr_down_acc_up']","[['down', 'up'], ['down', 'up'], ['down', 'up']]","['down/up , expr_down_acc_up', 'down/up , expr_down_acc_up', 'down/up , expr_down_acc_up']","['down/up', 'down/up', 'down/up']",0,0,0,0,0,0,0,0,3,conflict,flat,late up,flat & late up,flat & late up | conflict,15.030303030303031,0.37676159562016,1,0.0,8.969696969696969
HOMER2,-0.211378079808296,-0.0992716935612093,0.108047399899321,-1.6923999999999992,-28.7461,5.603200000000001,"['down', 'down', 'up']","['down', 'down', 'up']","['decrease', 'decrease', 'increase']","[['down', 'down'], ['down', 'down'], ['up', 'up']]","['down/down , decrease', 'down/down , decrease', 'up/up , increase']","['down/down', 'down/down', 'up/up']",1,2,0,0,0,0,0,0,0,mixed,gradual up,late up,gradual up & late up,gradual up & late up | mixed,24.0,0.31942547970761703,0,12.0,0.0
WHAMM,0.196107861296539,0.103008425747792,0.445743272377663,-6.538880000000001,-2.4111100000000008,-2.69314,"['up', 'up', 'up']","['down', 'down', 'down']","['expr_up_acc_down', 'expr_up_acc_down', 'expr_up_acc_down']","[['up', 'down'], ['up', 'down'], ['up', 'down']]","['up/down , expr_up_acc_down', 'up/down , expr_up_acc_down', 'up/down , expr_up_acc_down']","['up/down', 'up/down', 'up/down']",0,0,0,0,0,0,0,3,0,conflict,late up,flat,late up & flat,late up & flat | conflict,24.0,0.360598668377738,1,7.757575757575758,0.0
LOC103231089,0.385820651982542,-0.33830072608902,0.308754572441579,7.707949999999999,6.41442,-17.24645,"['up', 'down', 'up']","['up', 'up', 'down']","['increase', 'expr_down_acc_up', 'expr_up_acc_down']","[['up', 'up'], ['down', 'up'], ['up', 'down']]","['up/up , increase', 'down/up , expr_down_acc_up', 'up/down , expr_up_acc_down']","['up/up', 'down/up', 'up/down']",1,0,0,0,0,0,0,1,1,conflict,late up,gradual down,late up & gradual down,late up & gradual down | conflict,12.0,0.724659488240639,1,0.0,6.18181818181818
AP3B2,5.52387352003608,6.72026944583113,7.21742254929865,1.06459,0.7321200000000001,-2.05839,"['up', 'up', 'up']","['up', 'up', 'down']","['increase', 'increase', 'expr_up_acc_down']","[['up', 'up'], ['up', 'up'], ['up', 'down']]","['up/up , increase', 'up/up , increase', 'up/down , expr_up_acc_down']","['up/up', 'up/up', 'up/down']",2,0,0,0,0,0,0,1,0,mixed,gradual up,gradual down,gradual up & gradual down,gradual up & gradual down | mixed,24.0,1.6935490292625701,0,12.0,0.0
LOC103231096,0.0,2.05204526111757,3.41293225035479,-0.2859300000000004,1.7580800000000003,0.1903100000000002,"['flat', 'up', 'up']","['down', 'up', 'flat']","['acc_only_down', 'increase', 'expr_only_up']","[['flat', 'down'], ['up', 'up'], ['up', 'flat']]","['flat/down , acc_only_down', 'up/up , increase', 'up/flat , expr_only_up']","['flat/down', 'up/up', 'up/flat']",1,0,0,1,0,0,1,0,0,mixed,gradual up,late down,gradual up & late down,gradual up & late down | mixed,24.0,3.41293225035479,0,12.0,0.0
CPEB1,2.85510184983415,3.29516822873284,4.13253597973541,-0.2859300000000004,1.7580800000000003,-1.7319899999999997,"['up', 'up', 'up']","['down', 'up', 'down']","['expr_up_acc_down', 'increase', 'expr_up_acc_down']","[['up', 'down'], ['up', 'up'], ['up', 'down']]","['up/down , expr_up_acc_down', 'up/up , increase', 'up/down , expr_up_acc_down']","['up/down', 'up/up', 'up/down']",1,0,0,0,0,0,0,2,0,conflict,gradual up,late down,gradual up & late down,gradual up & late down | conflict,24.0,1.2774341299012604,0,12.0,0.0
RPS17,-0.908926802866134,-0.325201349872321,-1.3318535845996,-10.5742,4.17743,-4.941839999999999,"['down', 'down', 'down']","['down', 'up', 'down']","['decrease', 'expr_down_acc_up', 'decrease']","[['down', 'down'], ['down', 'up'], ['down', 'down']]","['down/down , decrease', 'down/up , expr_down_acc_up', 'down/down , decrease']","['down/down', 'down/up', 'down/down']",0,2,0,0,0,0,0,0,1,mixed,late down,late down,late down & late down,late down & late down | mixed,17.21212121212121,1.020708603407317,1,0.0,6.787878787878789
PDE8A,0.311196759747265,0.332140416916274,0.722093550713367,-2.49885,0.1850900000000002,-0.6166699999999996,"['up', 'up', 'up']","['down', 'flat', 'down']","['expr_up_acc_down', 'expr_only_up', 'expr_up_acc_down']","[['up', 'down'], ['up', 'flat'], ['up', 'down']]","['up/down , expr_up_acc_down', 'up/flat , expr_only_up', 'up/down , expr_up_acc_down']","['up/down', 'up/flat', 'up/down']",0,0,0,1,0,0,0,2,0,conflict,flat,late down,flat & late down,flat & late down | conflict,24.0,0.4471452244006269,1,9.333333333333332,0.0
SLC28A1,1.60519596758101,-1.82825057778545,-0.927643366740005,-5.952999999999999,-9.900399999999998,-4.44322,"['up', 'down', 'down']","['down', 'down', 'down']","['expr_up_acc_down', 'decrease', 'decrease']","[['up', 'down'], ['down', 'down'], ['down', 'down']]","['up/down , expr_up_acc_down', 'down/down , decrease', 'down/down , decrease']","['up/down', 'down/down', 'down/down']",0,2,0,0,0,0,0,1,0,mixed,late up,late up,late up & late up,late up & late up | mixed,12.0,3.618470651054309,1,0.0,7.757575757575758
ALPK3,0.700680690393936,-0.616081857197464,-0.282733778325749,-0.9600300000000002,0.7293700000000003,1.95845,"['up', 'down', 'down']","['down', 'up', 'up']","['expr_up_acc_down', 'expr_down_acc_up', 'expr_down_acc_up']","[['up', 'down'], ['down', 'up'], ['down', 'up']]","['up/down , expr_up_acc_down', 'down/up , expr_down_acc_up', 'down/up , expr_down_acc_up']","['up/down', 'down/up', 'down/up']",0,0,0,0,0,0,0,1,2,conflict,late up,gradual up,late up & gradual up,late up & gradual up | conflict,12.0,1.3900020079953759,1,0.0,7.757575757575758
ZNF592,0.224907954344217,0.260274733274144,0.302150619178994,2.50579,0.1850900000000002,-0.6166699999999996,"['up', 'up', 'up']","['up', 'flat', 'down']","['increase', 'expr_only_up', 'expr_up_acc_down']","[['up', 'up'], ['up', 'flat'], ['up', 'down']]","['up/up , increase', 'up/flat , expr_only_up', 'up/down , expr_up_acc_down']","['up/up', 'up/flat', 'up/down']",1,0,0,1,0,0,0,1,0,mixed,gradual up,gradual down,gradual up & gradual down,gradual up & gradual down | mixed,24.0,0.07724266483477699,0,12.0,0.0
SEC11A,-0.7942901644231,-0.852644651872756,-1.39683248124195,-7.863900000000001,27.88374,-9.485,"['down', 'down', 'down']","['down', 'up', 'down']","['decrease', 'expr_down_acc_up', 'decrease']","[['down', 'down'], ['down', 'up'], ['down', 'down']]","['down/down , decrease', 'down/up , expr_down_acc_up', 'down/down , decrease']","['down/down', 'down/up', 'down/down']",0,2,0,0,0,0,0,0,1,mixed,gradual down,late down,gradual down & late down,gradual down & late down | mixed,14.303030303030303,0.6375949911887244,1,0.0,9.696969696969697
NMB,0.200004808369905,0.623338585592991,0.743623537829775,-4.999980000000001,1.5158799999999997,-1.5778199999999996,"['up', 'up', 'up']","['down', 'up', 'down']","['expr_up_acc_down', 'increase', 'expr_up_acc_down']","[['up', 'down'], ['up', 'up'], ['up', 'down']]","['up/down , expr_up_acc_down', 'up/up , increase', 'up/down , expr_up_acc_down']","['up/down', 'up/up', 'up/down']",1,0,0,0,0,0,0,2,0,conflict,gradual up,late down,gradual up & late down,gradual up & late down | conflict,23.393939393939394,0.5452282207775405,1,11.393939393939394,0.0
WDR73,-0.368558937941297,0.0571355873167605,-0.185642657842289,8.482099999999999,2.190899999999999,-3.96261,"['down', 'up', 'down']","['up', 'up', 'down']","['expr_down_acc_up', 'increase', 'decrease']","[['down', 'up'], ['up', 'up'], ['down', 'down']]","['down/up , expr_down_acc_up', 'up/up , increase', 'down/down , decrease']","['down/up', 'up/up', 'down/down']",1,1,0,0,0,0,0,0,1,mixed,late down,gradual down,late down & gradual down,late down & gradual down | mixed,18.78787878787879,0.4319408957450962,1,6.787878787878789,0.0
ZSCAN2,-0.420926637681965,-0.38382324064525,-0.224434183906353,43.62598,-40.2931,-21.24527,"['down', 'down', 'down']","['up', 'down', 'down']","['expr_down_acc_up', 'decrease', 'decrease']","[['down', 'up'], ['down', 'down'], ['down', 'down']]","['down/up , expr_down_acc_up', 'down/down , decrease', 'down/down , decrease']","['down/up', 'down/down', 'down/down']",0,2,0,0,0,0,0,0,1,mixed,gradual up,late up,gradual up & late up,gradual up & late up | mixed,24.0,0.1988535337707174,1,10.787878787878787,0.0
AKAP13,-0.37068952085228,-0.507190039701917,-0.362463367909509,1.92931,4.4251000000000005,-1.6957899999999988,"['down', 'down', 'down']","['up', 'up', 'down']","['expr_down_acc_up', 'expr_down_acc_up', 'decrease']","[['down', 'up'], ['down', 'up'], ['down', 'down']]","['down/up , expr_down_acc_up', 'down/up , expr_down_acc_up', 'down/down , decrease']","['down/up', 'down/up', 'down/down']",0,1,0,0,0,0,0,0,2,conflict,late up,late down,late up & late down,late up & late down | conflict,24.0,0.14475387115730404,1,6.060606060606062,0.0
KLHL25,0.610064061169342,0.23235259780437,0.743977464642559,3.37282,2.000290000000001,-1.25141,"['up', 'up', 'up']","['up', 'up', 'down']","['increase', 'increase', 'expr_up_acc_down']","[['up', 'up'], ['up', 'up'], ['up', 'down']]","['up/up , increase', 'up/up , increase', 'up/down , expr_up_acc_down']","['up/up', 'up/up', 'up/down']",2,0,0,0,0,0,0,1,0,mixed,late up,gradual down,late up & gradual down,late up & gradual down | mixed,24.0,0.5141360651050487,1,6.424242424242422,0.0
MRPL46,-0.465323852208584,0.0955310678036315,-0.318809007494724,1.834,0.8518499999999998,0.67089,"['down', 'up', 'down']","['up', 'up', 'up']","['expr_down_acc_up', 'increase', 'expr_down_acc_up']","[['down', 'up'], ['up', 'up'], ['down', 'up']]","['down/up , expr_down_acc_up', 'up/up , increase', 'down/up , expr_down_acc_up']","['down/up', 'up/up', 'down/up']",1,0,0,0,0,0,0,0,2,conflict,late down,flat,late down & flat,late down & flat | conflict,18.424242424242426,0.5635969990151992,1,6.424242424242426,0.0
DET1,0.0675757210480551,0.23195498598832,0.0424551203888174,-4.323600000000001,6.59679,0.2083900000000005,"['up', 'up', 'up']","['down', 'up', 'up']","['expr_up_acc_down', 'increase', 'increase']","[['up', 'down'], ['up', 'up'], ['up', 'up']]","['up/down , expr_up_acc_down', 'up/up , increase', 'up/up , increase']","['up/down', 'up/up', 'up/up']",2,0,0,0,0,0,0,1,0,mixed,late down,late down,late down & late down,late down & late down | mixed,17.81818181818182,0.18971800182136442,1,0.0,6.18181818181818
LOC103231131,1.31227678248072,0.0,0.0,-4.323600000000001,6.59679,0.2083900000000005,"['up', 'flat', 'flat']","['down', 'up', 'up']","['expr_up_acc_down', 'acc_only_up', 'acc_only_up']","[['up', 'down'], ['flat', 'up'], ['flat', 'up']]","['up/down , expr_up_acc_down', 'flat/up , acc_only_up', 'flat/up , acc_only_up']","['up/down', 'flat/up', 'flat/up']",0,0,0,0,0,2,0,1,0,accessibility_only,flat,late down,flat & late down,flat & late down | accessibility_only,12.0,1.4762946437743514,1,0.0,8.969696969696969
AEN,0.365669607145221,0.611121778084684,0.607393021353806,1.7456999999999994,-10.3167,0.5167299999999999,"['up', 'up', 'up']","['up', 'down', 'up']","['increase', 'expr_up_acc_down', 'increase']","[['up', 'up'], ['up', 'down'], ['up', 'up']]","['up/up , increase', 'up/down , expr_up_acc_down', 'up/up , increase']","['up/up', 'up/down', 'up/up']",2,0,0,0,0,0,0,1,0,mixed,flat,late up,flat & late up,flat & late up | mixed,20.96969696969697,0.2747510626336451,1,8.969696969696969,0.0
ISG20,0.707289757654393,-0.244696700408626,0.573649601788425,24.951,-30.966600000000003,-0.5262999999999991,"['up', 'down', 'up']","['up', 'down', 'down']","['increase', 'decrease', 'expr_up_acc_down']","[['up', 'up'], ['down', 'down'], ['up', 'down']]","['up/up , increase', 'down/down , decrease', 'up/down , expr_up_acc_down']","['up/up', 'down/down', 'up/down']",1,1,0,0,0,0,0,1,0,mixed,late up,late up,late up & late up,late up & late up | mixed,12.0,0.9531984839506757,1,0.0,6.18181818181818
LOC103231141,-0.129878569946133,-1.09335190059115,-0.893072729958192,4.818619999999999,0.91172,-0.1360899999999998,"['down', 'down', 'down']","['up', 'up', 'flat']","['expr_down_acc_up', 'expr_down_acc_up', 'expr_only_down']","[['down', 'up'], ['down', 'up'], ['down', 'flat']]","['down/up , expr_down_acc_up', 'down/up , expr_down_acc_up', 'down/flat , expr_only_down']","['down/up', 'down/up', 'down/flat']",0,0,0,0,1,0,0,0,2,conflict,late up,gradual down,late up & gradual down,late up & gradual down | conflict,12.0,1.0260194405760281,1,0.0,8.0
LOC103231147,0.54538994758104,2.50777312278223,2.40279680261534,-21.7924,-87.29444000000001,-28.3996,"['up', 'up', 'up']","['down', 'down', 'down']","['expr_up_acc_down', 'expr_up_acc_down', 'expr_up_acc_down']","[['up', 'down'], ['up', 'down'], ['up', 'down']]","['up/down , expr_up_acc_down', 'up/down , expr_up_acc_down', 'up/down , expr_up_acc_down']","['up/down', 'up/down', 'up/down']",0,0,0,0,0,0,0,3,0,conflict,late down,late up,late down & late up,late down & late up | conflict,20.727272727272727,2.170950900997407,1,8.727272727272727,0.0
ABHD2,-0.116177422901,-0.322373790903651,-0.251031028540076,73.96058,-87.29444000000001,11.4881,"['down', 'down', 'down']","['up', 'down', 'up']","['expr_down_acc_up', 'decrease', 'expr_down_acc_up']","[['down', 'up'], ['down', 'down'], ['down', 'up']]","['down/up , expr_down_acc_up', 'down/down , decrease', 'down/up , expr_down_acc_up']","['down/up', 'down/down', 'down/up']",0,1,0,0,0,0,0,0,2,conflict,late up,late up,late up & late up,late up & late up | conflict,12.0,0.2143741415705432,1,0.0,7.515151515151516
RLBP1,-1.11996289172973,-1.5999667645415,-2.06994802790473,-5.38589,0.2449499999999997,1.95845,"['down', 'down', 'down']","['down', 'up', 'up']","['decrease', 'expr_down_acc_up', 'expr_down_acc_up']","[['down', 'down'], ['down', 'up'], ['down', 'up']]","['down/down , decrease', 'down/up , expr_down_acc_up', 'down/up , expr_down_acc_up']","['down/down', 'down/up', 'down/up']",0,1,0,0,0,0,0,0,2,conflict,gradual down,gradual up,gradual down & gradual up,gradual down & gradual up | conflict,12.0,0.9499851361750005,0,0.0,12.0
FANCI,0.398207240804823,0.865667103191508,1.19203815773261,-1.2342999999999975,-4.7568,-10.99895,"['up', 'up', 'up']","['down', 'down', 'down']","['expr_up_acc_down', 'expr_up_acc_down', 'expr_up_acc_down']","[['up', 'down'], ['up', 'down'], ['up', 'down']]","['up/down , expr_up_acc_down', 'up/down , expr_up_acc_down', 'up/down , expr_up_acc_down']","['up/down', 'up/down', 'up/down']",0,0,0,0,0,0,0,3,0,conflict,gradual up,gradual down,gradual up & gradual down,gradual up & gradual down | conflict,24.0,0.7938309169277871,0,12.0,0.0
POLG,-0.142940616716073,0.114259006082603,-0.200864468082181,-0.47886,2.1798900000000003,0.67089,"['down', 'up', 'down']","['down', 'up', 'up']","['decrease', 'increase', 'expr_down_acc_up']","[['down', 'down'], ['up', 'up'], ['down', 'up']]","['down/down , decrease', 'up/up , increase', 'down/up , expr_down_acc_up']","['down/down', 'up/up', 'down/up']",1,1,0,0,0,0,0,0,1,mixed,late down,late down,late down & late down,late down & late down | mixed,17.696969696969695,0.3158562682165204,1,0.0,6.3030303030303045
TRNAR-UCG,0.810818944069464,1.62036687729441,3.54754257412928,3.758679999999999,40.16012,-33.5499,"['up', 'up', 'up']","['up', 'up', 'down']","['increase', 'increase', 'expr_up_acc_down']","[['up', 'up'], ['up', 'up'], ['up', 'down']]","['up/up , increase', 'up/up , increase', 'up/down , expr_up_acc_down']","['up/up', 'up/up', 'up/down']",2,0,0,0,0,0,0,1,0,mixed,gradual up,late down,gradual up & late down,gradual up & late down | mixed,24.0,2.7367236300598163,0,12.0,0.0
LOC103231153,0.0,0.0,3.40452908375144,0.00231,1.2736600000000005,-0.2902599999999999,"['flat', 'flat', 'up']","['flat', 'up', 'down']","['neutral', 'acc_only_up', 'expr_up_acc_down']","[['flat', 'flat'], ['flat', 'up'], ['up', 'down']]","['flat/flat , neutral', 'flat/up , acc_only_up', 'up/down , expr_up_acc_down']","['flat/flat', 'flat/up', 'up/down']",0,0,1,0,0,1,0,1,0,stable,flat,late down,flat & late down,flat & late down | stable,24.0,3.8300517985351883,1,8.969696969696969,0.0
TICRR,0.777449076832229,1.4024051339427,1.07199143695657,-5.072200000000002,-13.691200000000002,-6.483500000000001,"['up', 'up', 'up']","['down', 'down', 'down']","['expr_up_acc_down', 'expr_up_acc_down', 'expr_up_acc_down']","[['up', 'down'], ['up', 'down'], ['up', 'down']]","['up/down , expr_up_acc_down', 'up/down , expr_up_acc_down', 'up/down , expr_up_acc_down']","['up/down', 'up/down', 'up/down']",0,0,0,0,0,0,0,3,0,conflict,late down,late up,late down & late up,late down & late up | conflict,18.90909090909091,0.636303736434668,1,6.90909090909091,0.0
KIF7,0.858092270998606,0.772578174181631,1.0306656738854,-0.2859300000000004,0.5470299999999999,-0.1360899999999998,"['up', 'up', 'up']","['down', 'up', 'flat']","['expr_up_acc_down', 'increase', 'expr_only_up']","[['up', 'down'], ['up', 'up'], ['up', 'flat']]","['up/down , expr_up_acc_down', 'up/up , increase', 'up/flat , expr_only_up']","['up/down', 'up/up', 'up/flat']",1,0,0,1,0,0,0,1,0,mixed,late up,late down,late up & late down,late up & late down | mixed,24.0,0.2689215051276723,1,7.515151515151516,0.0
PLIN1,1.14414765312262,0.546255946878224,1.22208618791498,-0.0929999999999999,0.5497800000000002,-1.5778199999999996,"['up', 'up', 'up']","['flat', 'up', 'down']","['expr_only_up', 'increase', 'expr_up_acc_down']","[['up', 'flat'], ['up', 'up'], ['up', 'down']]","['up/flat , expr_only_up', 'up/up , increase', 'up/down , expr_up_acc_down']","['up/flat', 'up/up', 'up/down']",1,0,0,1,0,0,0,1,0,mixed,late up,late down,late up & late down,late up & late down | mixed,24.0,0.6764263152795784,1,6.18181818181818,0.0
WDR93,0.100279197190062,0.293648601431904,0.362680219573343,-0.0929999999999999,1.63835,-0.7708399999999997,"['up', 'up', 'up']","['flat', 'up', 'down']","['expr_only_up', 'increase', 'expr_up_acc_down']","[['up', 'flat'], ['up', 'up'], ['up', 'down']]","['up/flat , expr_only_up', 'up/up , increase', 'up/down , expr_up_acc_down']","['up/flat', 'up/up', 'up/down']",1,0,0,1,0,0,0,1,0,mixed,gradual up,late down,gradual up & late down,gradual up & late down | mixed,24.0,0.26240102238328106,0,12.0,0.0
PEX11A,0.185913262225001,0.29750570614523,0.843944398522701,-2.008399999999998,-2.1661300000000008,-2.8473,"['up', 'up', 'up']","['down', 'down', 'down']","['expr_up_acc_down', 'expr_up_acc_down', 'expr_up_acc_down']","[['up', 'down'], ['up', 'down'], ['up', 'down']]","['up/down , expr_up_acc_down', 'up/down , expr_up_acc_down', 'up/down , expr_up_acc_down']","['up/down', 'up/down', 'up/down']",0,0,0,0,0,0,0,3,0,conflict,gradual up,flat,gradual up & flat,gradual up & flat | conflict,24.0,0.6709092076023683,1,10.545454545454545,0.0
ANPEP,0.0,0.0,-0.47611566869659,1.0622699999999998,-1.3252900000000003,0.1903100000000002,"['flat', 'flat', 'down']","['up', 'down', 'flat']","['acc_only_up', 'acc_only_down', 'expr_only_down']","[['flat', 'up'], ['flat', 'down'], ['down', 'flat']]","['flat/up , acc_only_up', 'flat/down , acc_only_down', 'down/flat , expr_only_down']","['flat/up', 'flat/down', 'down/flat']",0,0,0,0,1,1,1,0,0,expression_only,flat,late up,flat & late up,flat & late up | expression_only,15.030303030303031,0.5356240549993472,1,0.0,8.969696969696969
LOC103231163,-0.155471297451006,-0.489279781482782,-0.560288590432363,-6.443480000000001,-4.58826,0.9973,"['down', 'down', 'down']","['down', 'down', 'up']","['decrease', 'decrease', 'expr_down_acc_up']","[['down', 'down'], ['down', 'down'], ['down', 'up']]","['down/down , decrease', 'down/down , decrease', 'down/up , expr_down_acc_up']","['down/down', 'down/down', 'down/up']",0,2,0,0,0,0,0,0,1,mixed,gradual down,gradual up,gradual down & gradual up,gradual down & gradual up | mixed,12.0,0.41174864069102257,1,0.0,10.666666666666668
ZNF710,0.607802084974603,0.618468021927494,0.527777452156426,0.1952399999999996,2.48471,0.8431300000000004,"['up', 'up', 'up']","['up', 'up', 'up']","['increase', 'increase', 'increase']","[['up', 'up'], ['up', 'up'], ['up', 'up']]","['up/up , increase', 'up/up , increase', 'up/up , increase']","['up/up', 'up/up', 'up/up']",3,0,0,0,0,0,0,0,0,expr_acc_up,flat,late down,flat & late down,flat & late down | expr_acc_up,15.636363636363637,0.09858832819285335,1,0.0,8.363636363636363
IDH2,-1.45070941267341,-2.10915386747406,-3.41070095151598,1.35051,-0.1169799999999998,-0.6166699999999996,"['down', 'down', 'down']","['up', 'flat', 'down']","['expr_down_acc_up', 'expr_only_down', 'decrease']","[['down', 'up'], ['down', 'flat'], ['down', 'down']]","['down/up , expr_down_acc_up', 'down/flat , expr_only_down', 'down/down , decrease']","['down/up', 'down/flat', 'down/down']",0,1,0,0,1,0,0,0,1,mixed,gradual down,gradual down,gradual down & gradual down,gradual down & gradual down | mixed,12.0,1.9599915388425702,0,0.0,12.0
SEMA4B,0.671327785167282,-0.147918045160479,0.377295446833888,-0.7601999999999993,-10.56442,-1.5416600000000005,"['up', 'down', 'up']","['down', 'down', 'down']","['expr_up_acc_down', 'decrease', 'expr_up_acc_down']","[['up', 'down'], ['down', 'down'], ['up', 'down']]","['up/down , expr_up_acc_down', 'down/down , decrease', 'up/down , expr_up_acc_down']","['up/down', 'down/down', 'up/down']",0,1,0,0,0,0,0,2,0,conflict,late up,late up,late up & late up,late up & late up | conflict,12.0,0.8272818286158994,1,0.0,6.666666666666668
CIB1,-0.092741229992513,0.118589941765285,-0.613057607749966,15.123150000000004,1.33352,0.1903100000000002,"['down', 'up', 'down']","['up', 'up', 'flat']","['expr_down_acc_up', 'increase', 'expr_only_down']","[['down', 'up'], ['up', 'up'], ['down', 'flat']]","['down/up , expr_down_acc_up', 'up/up , increase', 'down/flat , expr_only_down']","['down/up', 'up/up', 'down/flat']",1,0,0,0,1,0,0,0,1,mixed,late down,gradual down,late down & gradual down,late down & gradual down | mixed,16.363636363636363,0.7675303262695423,1,0.0,7.636363636363637
LOC103231171,2.07422457335324,-0.263420670177923,0.0058878489370034,1.1761000000000017,-14.91325,-9.72952,"['up', 'down', 'flat']","['up', 'down', 'down']","['increase', 'decrease', 'acc_only_down']","[['up', 'up'], ['down', 'down'], ['flat', 'down']]","['up/up , increase', 'down/down , decrease', 'flat/down , acc_only_down']","['up/up', 'down/down', 'flat/down']",1,1,0,0,0,0,1,0,0,mixed,late up,late up,late up & late up,late up & late up | mixed,12.0,2.5427606103297746,1,0.0,8.363636363636363
NGRN,-0.497882967687655,-0.0961161764817331,-0.257236573064864,7.03385,-9.5329,-11.47955,"['down', 'down', 'down']","['up', 'down', 'down']","['expr_down_acc_up', 'decrease', 'decrease']","[['down', 'up'], ['down', 'down'], ['down', 'down']]","['down/up , expr_down_acc_up', 'down/down , decrease', 'down/down , decrease']","['down/up', 'down/down', 'down/down']",0,2,0,0,0,0,0,0,1,mixed,late down,gradual down,late down & gradual down,late down & gradual down | mixed,19.272727272727273,0.41462622415183603,1,7.272727272727273,0.0
VPS33B,0.0829605445833504,-0.525712297595681,-0.0378922469670039,9.0609,-4.337800000000001,-5.884919999999999,"['up', 'down', 'down']","['up', 'down', 'down']","['increase', 'decrease', 'decrease']","[['up', 'up'], ['down', 'down'], ['down', 'down']]","['up/up , increase', 'down/down , decrease', 'down/down , decrease']","['up/up', 'down/down', 'down/down']",1,2,0,0,0,0,0,0,0,mixed,late up,gradual down,late up & gradual down,late up & gradual down | mixed,12.0,0.610326235174503,1,0.0,6.3030303030303045
PRC1,-0.578208722615872,0.150919964804895,-0.0592035680854467,-9.607200000000002,-13.10075,-3.944570000000001,"['down', 'up', 'down']","['down', 'down', 'down']","['decrease', 'expr_up_acc_down', 'decrease']","[['down', 'down'], ['up', 'down'], ['down', 'down']]","['down/down , decrease', 'up/down , expr_up_acc_down', 'down/down , decrease']","['down/down', 'up/down', 'down/down']",0,2,0,0,0,0,0,1,0,mixed,late down,late up,late down & late up,late down & late up | mixed,19.636363636363637,0.7649712498864862,1,7.636363636363637,0.0
RCCD1,-0.203403212267416,-0.118341769445741,-0.180190619677495,-1.7294400000000003,-0.0571200000000002,2.7654300000000003,"['down', 'down', 'down']","['down', 'flat', 'up']","['decrease', 'expr_only_down', 'expr_down_acc_up']","[['down', 'down'], ['down', 'flat'], ['down', 'up']]","['down/down , decrease', 'down/flat , expr_only_down', 'down/up , expr_down_acc_up']","['down/down', 'down/flat', 'down/up']",0,1,0,0,1,0,0,0,1,mixed,late down,gradual up,late down & gradual up,late down & gradual up | mixed,18.424242424242426,0.08551485177510819,1,6.424242424242426,0.0
UNC45A,-0.64755919633347,-0.697265815484978,-0.21985373856268,2.02461,1.81795,0.5167299999999999,"['down', 'down', 'down']","['up', 'up', 'up']","['expr_down_acc_up', 'expr_down_acc_up', 'expr_down_acc_up']","[['down', 'up'], ['down', 'up'], ['down', 'up']]","['down/up , expr_down_acc_up', 'down/up , expr_down_acc_up', 'down/up , expr_down_acc_up']","['down/up', 'down/up', 'down/up']",0,0,0,0,0,0,0,0,3,conflict,late up,flat,late up & flat,late up & flat | conflict,24.0,0.5207734647904526,1,8.484848484848484,0.0
HDDC3,-0.535117458068961,-1.14421844359717,-1.4753501693941,10.88552,1.15393,-7.32662,"['down', 'down', 'down']","['up', 'up', 'down']","['expr_down_acc_up', 'expr_down_acc_up', 'decrease']","[['down', 'up'], ['down', 'up'], ['down', 'down']]","['down/up , expr_down_acc_up', 'down/up , expr_down_acc_up', 'down/down , decrease']","['down/up', 'down/up', 'down/down']",0,1,0,0,0,0,0,0,2,conflict,gradual down,gradual down,gradual down & gradual down,gradual down & gradual down | conflict,12.0,0.9402327113251391,0,0.0,12.0
MAN2A2,0.389869888083939,0.531671089360472,0.774942130895978,0.00231,0.5470299999999999,1.47788,"['up', 'up', 'up']","['flat', 'up', 'up']","['expr_only_up', 'increase', 'increase']","[['up', 'flat'], ['up', 'up'], ['up', 'up']]","['up/flat , expr_only_up', 'up/up , increase', 'up/up , increase']","['up/flat', 'up/up', 'up/up']",2,0,0,1,0,0,0,0,0,mixed,gradual up,gradual up,gradual up & gradual up,gradual up & gradual up | mixed,24.0,0.3850722428120389,0,12.0,0.0
FES,0.572145689925308,1.20501105816437,1.58169028369139,1.54344,-0.1169799999999998,-4.941839999999999,"['up', 'up', 'up']","['up', 'flat', 'down']","['increase', 'expr_only_up', 'expr_up_acc_down']","[['up', 'up'], ['up', 'flat'], ['up', 'down']]","['up/up , increase', 'up/flat , expr_only_up', 'up/down , expr_up_acc_down']","['up/up', 'up/flat', 'up/down']",1,0,0,1,0,0,0,1,0,mixed,gradual up,gradual down,gradual up & gradual down,gradual up & gradual down | mixed,24.0,1.009544593766082,0,12.0,0.0
FURIN,-0.377362864531849,-0.578970107425562,-0.579689518473551,6.550410000000001,0.4273000000000002,-2.21256,"['down', 'down', 'down']","['up', 'up', 'down']","['expr_down_acc_up', 'expr_down_acc_up', 'decrease']","[['down', 'up'], ['down', 'up'], ['down', 'down']]","['down/up , expr_down_acc_up', 'down/up , expr_down_acc_up', 'down/down , decrease']","['down/up', 'down/up', 'down/down']",0,1,0,0,0,0,0,0,2,conflict,flat,gradual down,flat & gradual down,flat & gradual down | conflict,12.0,0.22707173192593494,1,0.0,8.969696969696969
LOC103231503,0.0,2.05129431190306,0.0,-0.5741700000000005,0.6695100000000007,3.5724100000000005,"['flat', 'up', 'flat']","['down', 'up', 'up']","['acc_only_down', 'increase', 'acc_only_up']","[['flat', 'down'], ['up', 'up'], ['flat', 'up']]","['flat/down , acc_only_down', 'up/up , increase', 'flat/up , acc_only_up']","['flat/down', 'up/up', 'flat/up']",1,0,0,0,0,1,1,0,0,mixed,late down,gradual up,late down & gradual up,late down & gradual up | mixed,17.939393939393938,2.051085017513518,1,0.0,6.060606060606062
LOC103231184,0.252488170383345,0.377422688204258,0.378176836537654,2.12453,1.5158799999999997,1.0153800000000004,"['up', 'up', 'up']","['up', 'up', 'up']","['increase', 'increase', 'increase']","[['up', 'up'], ['up', 'up'], ['up', 'up']]","['up/up , increase', 'up/up , increase', 'up/up , increase']","['up/up', 'up/up', 'up/up']",3,0,0,0,0,0,0,0,0,expr_acc_up,flat,gradual down,flat & gradual down,flat & gradual down | expr_acc_up,21.090909090909093,0.14083131071837623,1,9.090909090909093,0.0
BLM,0.466109053692653,0.416603760563172,0.227446393985922,0.1952399999999996,47.89992,-1.0972399999999998,"['up', 'up', 'up']","['up', 'up', 'down']","['increase', 'increase', 'expr_up_acc_down']","[['up', 'up'], ['up', 'up'], ['up', 'down']]","['up/up , increase', 'up/up , increase', 'up/down , expr_up_acc_down']","['up/up', 'up/up', 'up/down']",2,0,0,0,0,0,0,1,0,mixed,gradual down,late down,gradual down & late down,gradual down & late down | mixed,12.848484848484848,0.24013992196812892,1,0.0,11.151515151515152
CRTC3,0.322033675786846,0.522544940795958,0.836430689903166,-0.9600300000000002,0.7892399999999999,-0.6166699999999996,"['up', 'up', 'up']","['down', 'up', 'down']","['expr_up_acc_down', 'increase', 'expr_up_acc_down']","[['up', 'down'], ['up', 'up'], ['up', 'down']]","['up/down , expr_up_acc_down', 'up/up , increase', 'up/down , expr_up_acc_down']","['up/down', 'up/up', 'up/down']",1,0,0,0,0,0,0,2,0,conflict,gradual up,late down,gradual up & late down,gradual up & late down | conflict,24.0,0.5143970141163201,0,12.0,0.0
LOC103231194,-0.795941406021267,-1.00821470277709,-1.57794721127323,-3.842500000000001,-5.24957,-3.01954,"['down', 'down', 'down']","['down', 'down', 'down']","['decrease', 'decrease', 'decrease']","[['down', 'down'], ['down', 'down'], ['down', 'down']]","['down/down , decrease', 'down/down , decrease', 'down/down , decrease']","['down/down', 'down/down', 'down/down']",0,3,0,0,0,0,0,0,0,expr_acc_down,gradual down,late up,gradual down & late up,gradual down & late up | expr_acc_down,12.0,0.7820058052519632,0,0.0,12.0
ZNF774,0.234398068176498,-0.655138589819819,-0.359918155543277,2.02693,1.2192799999999997,0.2083900000000005,"['up', 'down', 'down']","['up', 'up', 'up']","['increase', 'expr_down_acc_up', 'expr_down_acc_up']","[['up', 'up'], ['down', 'up'], ['down', 'up']]","['up/up , increase', 'down/up , expr_down_acc_up', 'down/up , expr_down_acc_up']","['up/up', 'down/up', 'down/up']",1,0,0,0,0,0,0,0,2,conflict,late up,gradual down,late up & gradual down,late up & gradual down | conflict,12.0,0.9268011958514291,1,0.0,7.515151515151516
LOC103231197,1.49466823747576,1.70713342472696,2.74857249462116,-11.638780000000002,-8.332920000000001,-0.7346799999999991,"['up', 'up', 'up']","['down', 'down', 'down']","['expr_up_acc_down', 'expr_up_acc_down', 'expr_up_acc_down']","[['up', 'down'], ['up', 'down'], ['up', 'down']]","['up/down , expr_up_acc_down', 'up/down , expr_up_acc_down', 'up/down , expr_up_acc_down']","['up/down', 'up/down', 'up/down']",0,0,0,0,0,0,0,3,0,conflict,gradual up,gradual up,gradual up & gradual up,gradual up & gradual up | conflict,24.0,1.278520032012235,1,10.545454545454545,0.0
LOC103231196,0.0173740451790268,0.100695872487201,0.962099414049479,3.5751000000000026,-1.1945999999999994,1.47788,"['flat', 'up', 'up']","['up', 'down', 'up']","['acc_only_up', 'expr_up_acc_down', 'increase']","[['flat', 'up'], ['up', 'down'], ['up', 'up']]","['flat/up , acc_only_up', 'up/down , expr_up_acc_down', 'up/up , increase']","['flat/up', 'up/down', 'up/up']",1,0,0,0,0,1,0,1,0,mixed,gradual up,late up,gradual up & late up,gradual up & late up | mixed,24.0,1.0047539366173306,1,9.696969696969697,0.0
SV2B,0.383892858722848,-0.907928016720156,-1.03009082778068,2.60341,0.7293700000000003,1.95845,"['up', 'down', 'down']","['up', 'up', 'up']","['increase', 'expr_down_acc_up', 'expr_down_acc_up']","[['up', 'up'], ['down', 'up'], ['down', 'up']]","['up/up , increase', 'down/up , expr_down_acc_up', 'down/up , expr_down_acc_up']","['up/up', 'down/up', 'down/up']",1,0,0,0,0,0,0,0,2,conflict,gradual down,late up,gradual down & late up,gradual down & late up | conflict,12.0,1.5054469845518548,1,0.0,9.575757575757578
LOC103231202,0.0,-0.814550369377611,2.40176646906582,-6.73409,-0.4190599999999995,0.0542300000000004,"['flat', 'down', 'up']","['down', 'down', 'flat']","['acc_only_down', 'decrease', 'expr_only_up']","[['flat', 'down'], ['down', 'down'], ['up', 'flat']]","['flat/down , acc_only_down', 'down/down , decrease', 'up/flat , expr_only_up']","['flat/down', 'down/down', 'up/flat']",0,1,0,1,0,0,1,0,0,mixed,late up,gradual up,late up & gradual up,late up & gradual up | mixed,24.0,3.3951512538556576,1,7.757575757575758,0.0
SLCO3A1,0.10984714292973,0.0350535895124543,-0.634830098377819,7.898580000000001,-2.7676,-1.0791699999999995,"['up', 'up', 'down']","['up', 'down', 'down']","['increase', 'expr_up_acc_down', 'decrease']","[['up', 'up'], ['up', 'down'], ['down', 'down']]","['up/up , increase', 'up/down , expr_up_acc_down', 'down/down , decrease']","['up/up', 'up/down', 'down/down']",1,1,0,0,0,0,0,1,0,mixed,gradual down,late up,gradual down & late up,gradual down & late up | mixed,14.303030303030303,0.7863399408176411,1,0.0,9.696969696969697
CHD2,0.609261997047877,0.791385375604955,1.24802362263089,23.40298,-10.3793,10.35468,"['up', 'up', 'up']","['up', 'down', 'up']","['increase', 'expr_up_acc_down', 'increase']","[['up', 'up'], ['up', 'down'], ['up', 'up']]","['up/up , increase', 'up/down , expr_up_acc_down', 'up/up , increase']","['up/up', 'up/down', 'up/up']",2,0,0,0,0,0,0,1,0,mixed,gradual up,late up,gradual up & late up,gradual up & late up | mixed,24.0,0.6387616255830131,0,12.0,0.0
MCTP2,0.338768185295871,0.244315217643381,0.525807999161816,3.56575,4.237299999999999,-2.5389699999999995,"['up', 'up', 'up']","['up', 'up', 'down']","['increase', 'increase', 'expr_up_acc_down']","[['up', 'up'], ['up', 'up'], ['up', 'down']]","['up/up , increase', 'up/up , increase', 'up/down , expr_up_acc_down']","['up/up', 'up/up', 'up/down']",2,0,0,0,0,0,0,1,0,mixed,late up,late down,late up & late down,late up & late down | mixed,24.0,0.2931220767988342,1,7.515151515151516,0.0
NR2F2,-0.792181923652985,-0.532197277871877,-0.505639268353374,-3.6541200000000007,-2.23151,-1.7319899999999997,"['down', 'down', 'down']","['down', 'down', 'down']","['decrease', 'decrease', 'decrease']","[['down', 'down'], ['down', 'down'], ['down', 'down']]","['down/down , decrease', 'down/down , decrease', 'down/down , decrease']","['down/down', 'down/down', 'down/down']",0,3,0,0,0,0,0,0,0,expr_acc_down,gradual up,gradual up,gradual up & gradual up,gradual up & gradual up | expr_acc_down,21.696969696969695,0.3039521277636199,1,9.696969696969695,0.0
LOC103231247,0.515322620784927,0.958033765693991,0.985880656837936,-0.7671000000000001,1.09132,0.5167299999999999,"['up', 'up', 'up']","['down', 'up', 'up']","['expr_up_acc_down', 'increase', 'increase']","[['up', 'down'], ['up', 'up'], ['up', 'up']]","['up/down , expr_up_acc_down', 'up/up , increase', 'up/up , increase']","['up/down', 'up/up', 'up/up']",2,0,0,0,0,0,0,1,0,mixed,gradual up,late down,gradual up & late down,gradual up & late down | mixed,21.454545454545453,0.5094117385711525,1,9.454545454545453,0.0
ARRDC4,1.85199091868203,2.26473679175075,2.12206011852316,-27.3898,-68.08127,-27.7649,"['up', 'up', 'up']","['down', 'down', 'down']","['expr_up_acc_down', 'expr_up_acc_down', 'expr_up_acc_down']","[['up', 'down'], ['up', 'down'], ['up', 'down']]","['up/down , expr_up_acc_down', 'up/down , expr_up_acc_down', 'up/down , expr_up_acc_down']","['up/down', 'up/down', 'up/down']",0,0,0,0,0,0,0,3,0,conflict,late down,late up,late down & late up,late down & late up | conflict,19.515151515151516,0.4291361484575378,1,7.515151515151516,0.0
IGF1R,-0.174187365248683,-0.463969291614098,-0.646800954667786,2.31517,4.0577000000000005,-2.05839,"['down', 'down', 'down']","['up', 'up', 'down']","['expr_down_acc_up', 'expr_down_acc_up', 'decrease']","[['down', 'up'], ['down', 'up'], ['down', 'down']]","['down/up , expr_down_acc_up', 'down/up , expr_down_acc_up', 'down/down , decrease']","['down/up', 'down/up', 'down/down']",0,1,0,0,0,0,0,0,2,conflict,gradual down,late down,gradual down & late down,gradual down & late down | conflict,12.0,0.47261358941910303,0,0.0,12.0
SYNM,-0.783922823217761,-0.605540672393001,-0.820709730392755,-10.7601,-5.360999999999999,-14.861700000000004,"['down', 'down', 'down']","['down', 'down', 'down']","['decrease', 'decrease', 'decrease']","[['down', 'down'], ['down', 'down'], ['down', 'down']]","['down/down , decrease', 'down/down , decrease', 'down/down , decrease']","['down/down', 'down/down', 'down/down']",0,3,0,0,0,0,0,0,0,expr_acc_down,late down,late down,late down & late down,late down & late down | expr_acc_down,17.696969696969695,0.2155960929365467,1,0.0,6.3030303030303045
TTC23,-0.498934239535625,-0.442541170008705,-0.8104388904633,1.35051,3.75288,0.3444800000000003,"['down', 'down', 'down']","['up', 'up', 'up']","['expr_down_acc_up', 'expr_down_acc_up', 'expr_down_acc_up']","[['down', 'up'], ['down', 'up'], ['down', 'up']]","['down/up , expr_down_acc_up', 'down/up , expr_down_acc_up', 'down/up , expr_down_acc_up']","['down/up', 'down/up', 'down/up']",0,0,0,0,0,0,0,0,3,conflict,late down,late down,late down & late down,late down & late down | conflict,15.757575757575758,0.3964757964092618,1,0.0,8.242424242424242
LRRC28,-0.531656726136141,-0.823602802872365,-1.05147786648134,-31.462070000000004,-6.3842,-11.82409,"['down', 'down', 'down']","['down', 'down', 'down']","['decrease', 'decrease', 'decrease']","[['down', 'down'], ['down', 'down'], ['down', 'down']]","['down/down , decrease', 'down/down , decrease', 'down/down , decrease']","['down/down', 'down/down', 'down/down']",0,3,0,0,0,0,0,0,0,expr_acc_down,gradual down,late down,gradual down & late down,gradual down & late down | expr_acc_down,12.0,0.5198211403451991,0,0.0,12.0
MEF2A,-0.139877679243772,-0.27314040022562,-0.164064706774997,-1.0436999999999976,1.4044000000000008,-5.232049999999999,"['down', 'down', 'down']","['down', 'up', 'down']","['decrease', 'expr_down_acc_up', 'decrease']","[['down', 'down'], ['down', 'up'], ['down', 'down']]","['down/down , decrease', 'down/up , expr_down_acc_up', 'down/down , decrease']","['down/down', 'down/up', 'down/down']",0,2,0,0,0,0,0,0,1,mixed,late up,late down,late up & late down,late up & late down | mixed,12.0,0.13356443092303477,1,0.0,6.3030303030303045
LYSMD4,0.594968974157777,0.617987766431975,0.759327165253854,-9.52349,-6.993899999999998,2.1306900000000004,"['up', 'up', 'up']","['down', 'down', 'up']","['expr_up_acc_down', 'expr_up_acc_down', 'increase']","[['up', 'down'], ['up', 'down'], ['up', 'up']]","['up/down , expr_up_acc_down', 'up/down , expr_up_acc_down', 'up/up , increase']","['up/down', 'up/down', 'up/up']",1,0,0,0,0,0,0,2,0,conflict,gradual up,gradual up,gradual up & gradual up,gradual up & gradual up | conflict,24.0,0.16987762939038198,1,10.181818181818182,0.0
LOC103231510,1.30619710071546,1.12736830627883,1.71478033360906,1.0622699999999998,1.7580800000000003,-2.36672,"['up', 'up', 'up']","['up', 'up', 'down']","['increase', 'increase', 'expr_up_acc_down']","[['up', 'up'], ['up', 'up'], ['up', 'down']]","['up/up , increase', 'up/up , increase', 'up/down , expr_up_acc_down']","['up/up', 'up/up', 'up/down']",2,0,0,0,0,0,0,1,0,mixed,late up,late down,late up & late down,late up & late down | mixed,24.0,0.6146313632376144,1,7.636363636363637,0.0
LINS,0.683165729038717,0.803483932374019,1.1122750998301,-6.622499999999999,-20.2226,-12.59487,"['up', 'up', 'up']","['down', 'down', 'down']","['expr_up_acc_down', 'expr_up_acc_down', 'expr_up_acc_down']","[['up', 'down'], ['up', 'down'], ['up', 'down']]","['up/down , expr_up_acc_down', 'up/down , expr_up_acc_down', 'up/down , expr_up_acc_down']","['up/down', 'up/down', 'up/down']",0,0,0,0,0,0,0,3,0,conflict,gradual up,late up,gradual up & late up,gradual up & late up | conflict,24.0,0.4291093707913832,0,12.0,0.0
ASB7,0.495897106410879,0.794752322948591,0.944457570278089,-6.622499999999999,-20.2226,-15.01582,"['up', 'up', 'up']","['down', 'down', 'down']","['expr_up_acc_down', 'expr_up_acc_down', 'expr_up_acc_down']","[['up', 'down'], ['up', 'down'], ['up', 'down']]","['up/down , expr_up_acc_down', 'up/down , expr_up_acc_down', 'up/down , expr_up_acc_down']","['up/down', 'up/down', 'up/down']",0,0,0,0,0,0,0,3,0,conflict,gradual up,late up,gradual up & late up,gradual up & late up | conflict,24.0,0.44856046386721005,0,12.0,0.0
LOC103231286,0.0,0.0,2.40178883633417,8.28443,2.9092600000000006,1.9765300000000003,"['flat', 'flat', 'up']","['up', 'up', 'up']","['acc_only_up', 'acc_only_up', 'increase']","[['flat', 'up'], ['flat', 'up'], ['up', 'up']]","['flat/up , acc_only_up', 'flat/up , acc_only_up', 'up/up , increase']","['flat/up', 'flat/up', 'up/up']",1,0,0,0,0,2,0,0,0,accessibility_only,flat,gradual down,flat & gradual down,flat & gradual down | accessibility_only,24.0,2.701981808939961,1,8.969696969696969,0.0
ALDH1A3,1.17035097795118,1.25942361972016,-0.198377576918323,9.24678,5.627940000000001,-0.44442,"['up', 'up', 'down']","['up', 'up', 'down']","['increase', 'increase', 'decrease']","[['up', 'up'], ['up', 'up'], ['down', 'down']]","['up/up , increase', 'up/up , increase', 'down/down , decrease']","['up/up', 'up/up', 'down/down']",2,1,0,0,0,0,0,0,0,mixed,late down,gradual down,late down & gradual down,late down & gradual down | mixed,15.393939393939394,1.609138189336375,1,0.0,8.606060606060606
LRRK1,0.643983719890345,0.773256638288395,0.906165090165772,-2.2059999999999995,-2.3512499999999994,-2.8473,"['up', 'up', 'up']","['down', 'down', 'down']","['expr_up_acc_down', 'expr_up_acc_down', 'expr_up_acc_down']","[['up', 'down'], ['up', 'down'], ['up', 'down']]","['up/down , expr_up_acc_down', 'up/down , expr_up_acc_down', 'up/down , expr_up_acc_down']","['up/down', 'up/down', 'up/down']",0,0,0,0,0,0,0,3,0,conflict,gradual up,flat,gradual up & flat,gradual up & flat | conflict,24.0,0.2621813702754271,0,12.0,0.0
CHSY1,0.156855772998602,0.269720879175585,-0.141838632624478,6.069230000000001,2.66431,1.1514600000000002,"['up', 'up', 'down']","['up', 'up', 'up']","['increase', 'increase', 'expr_down_acc_up']","[['up', 'up'], ['up', 'up'], ['down', 'up']]","['up/up , increase', 'up/up , increase', 'down/up , expr_down_acc_up']","['up/up', 'up/up', 'down/up']",2,0,0,0,0,0,0,0,1,mixed,late down,gradual down,late down & gradual down,late down & gradual down | mixed,16.242424242424242,0.43280788109019497,1,0.0,7.757575757575758
VIMP,0.0139520517235202,0.0180363924264622,-0.0984749428595299,0.3904899999999989,2.305110000000001,-3.48204,"['flat', 'up', 'down']","['up', 'up', 'down']","['acc_only_up', 'increase', 'decrease']","[['flat', 'up'], ['up', 'up'], ['down', 'down']]","['flat/up , acc_only_up', 'up/up , increase', 'down/down , decrease']","['flat/up', 'up/up', 'down/down']",1,1,0,0,0,1,0,0,0,mixed,flat,late down,flat & late down,flat & late down | mixed,15.151515151515152,0.12960831301966094,1,0.0,8.848484848484848
SNRPA1,-0.0445461359292353,0.131970602701087,0.0315146537596345,-1.2482700000000009,2.06016,5.18638,"['down', 'up', 'up']","['down', 'up', 'up']","['decrease', 'increase', 'increase']","[['down', 'down'], ['up', 'up'], ['up', 'up']]","['down/down , decrease', 'up/up , increase', 'up/up , increase']","['down/down', 'up/up', 'up/up']",2,1,0,0,0,0,0,0,0,mixed,late down,gradual up,late down & gradual up,late down & gradual up | mixed,18.78787878787879,0.17912268966235703,1,6.787878787878789,0.0
PCSK6,1.35788071348657,3.59708996977739,0.970705204806045,10.49966,0.4273000000000002,0.67089,"['up', 'up', 'up']","['up', 'up', 'up']","['increase', 'increase', 'increase']","[['up', 'up'], ['up', 'up'], ['up', 'up']]","['up/up , increase', 'up/up , increase', 'up/up , increase']","['up/up', 'up/up', 'up/up']",3,0,0,0,0,0,0,0,0,expr_acc_up,late down,flat,late down & flat,late down & flat | expr_acc_up,17.81818181818182,2.6300170871775865,1,0.0,6.18181818181818
TM2D3,0.524715253254017,0.170166459951915,0.454451162688555,-0.0906800000000007,3.883600000000001,-5.09601,"['up', 'up', 'up']","['flat', 'up', 'down']","['expr_only_up', 'increase', 'expr_up_acc_down']","[['up', 'flat'], ['up', 'up'], ['up', 'down']]","['up/flat , expr_only_up', 'up/up , increase', 'up/down , expr_up_acc_down']","['up/flat', 'up/up', 'up/down']",1,0,0,1,0,0,0,1,0,mixed,late up,late down,late up & late down,late up & late down | mixed,12.0,0.3555083835188624,1,0.0,6.3030303030303045
TARSL2,1.04240833818634,2.10874763839677,2.1911995894031,-0.8600899999999996,1.8888,5.35862,"['up', 'up', 'up']","['down', 'up', 'up']","['expr_up_acc_down', 'increase', 'increase']","[['up', 'down'], ['up', 'up'], ['up', 'up']]","['up/down , expr_up_acc_down', 'up/up , increase', 'up/up , increase']","['up/down', 'up/up', 'up/up']",2,0,0,0,0,0,0,1,0,mixed,gradual up,gradual up,gradual up & gradual up,gradual up & gradual up | mixed,21.454545454545453,1.2339741860920774,1,9.454545454545453,0.0
TTC5,-0.108005253335878,-0.0866023101406518,-0.570966222192816,-0.1882999999999999,1.7580800000000003,0.1903100000000002,"['down', 'down', 'down']","['flat', 'up', 'flat']","['expr_only_down', 'expr_down_acc_up', 'expr_only_down']","[['down', 'flat'], ['down', 'up'], ['down', 'flat']]","['down/flat , expr_only_down', 'down/up , expr_down_acc_up', 'down/flat , expr_only_down']","['down/flat', 'down/up', 'down/flat']",0,0,0,0,2,0,0,0,1,expression_only,late down,late down,late down & late down,late down & late down | expression_only,15.272727272727273,0.5373336719940933,1,0.0,8.727272727272727
PARP2,-0.391567507912565,0.0831159043245667,0.032110538083073,-0.6694700000000005,-43.0249,13.464580000000002,"['down', 'up', 'up']","['down', 'down', 'up']","['decrease', 'expr_up_acc_down', 'increase']","[['down', 'down'], ['up', 'down'], ['up', 'up']]","['down/down , decrease', 'up/down , expr_up_acc_down', 'up/up , increase']","['down/down', 'up/down', 'up/up']",1,1,0,0,0,0,0,1,0,mixed,late down,late up,late down & late up,late down & late up | mixed,20.363636363636363,0.5173447888070312,1,8.363636363636363,0.0
TEP1,0.0898367567425087,-0.384249189591844,-0.0752039862345914,-0.47886,1.03145,-1.5778199999999996,"['up', 'down', 'down']","['down', 'up', 'down']","['expr_up_acc_down', 'expr_down_acc_up', 'decrease']","[['up', 'down'], ['down', 'up'], ['down', 'down']]","['up/down , expr_up_acc_down', 'down/up , expr_down_acc_up', 'down/down , decrease']","['up/down', 'down/up', 'down/down']",0,1,0,0,0,0,0,1,1,conflict,late up,late down,late up & late down,late up & late down | conflict,12.0,0.4784207336004162,1,0.0,6.666666666666668
PNP,0.693834067856974,0.177637760293253,0.0389513057551542,28.991010000000003,-2.879100000000001,0.2083900000000005,"['up', 'up', 'up']","['up', 'down', 'up']","['increase', 'expr_up_acc_down', 'increase']","[['up', 'up'], ['up', 'down'], ['up', 'up']]","['up/up , increase', 'up/down , expr_up_acc_down', 'up/up , increase']","['up/up', 'up/down', 'up/up']",2,0,0,0,0,0,0,1,0,mixed,gradual down,late up,gradual down & late up,gradual down & late up | mixed,12.0,0.6581884387226176,1,0.0,11.151515151515152
RNASE11,1.97292372344719,0.532689211578852,-0.489786175856015,8.57268,-0.66127,0.3444800000000003,"['up', 'up', 'down']","['up', 'down', 'up']","['increase', 'expr_up_acc_down', 'expr_down_acc_up']","[['up', 'up'], ['up', 'down'], ['down', 'up']]","['up/up , increase', 'up/down , expr_up_acc_down', 'down/up , expr_down_acc_up']","['up/up', 'up/down', 'down/up']",1,0,0,0,0,0,0,1,1,conflict,gradual down,late up,gradual down & late up,gradual down & late up | conflict,12.0,2.4627098993032046,0,0.0,12.0
TRNAP-AGG,3.89488175537216,1.7732705310491,3.28424153510045,1.83629,1.69822,-7.82527,"['up', 'up', 'up']","['up', 'up', 'down']","['increase', 'increase', 'expr_up_acc_down']","[['up', 'up'], ['up', 'up'], ['up', 'down']]","['up/up , increase', 'up/up , increase', 'up/down , expr_up_acc_down']","['up/up', 'up/up', 'up/down']",2,0,0,0,0,0,0,1,0,mixed,late up,flat,late up & flat,late up & flat | mixed,12.0,2.134356927606591,1,0.0,6.545454545454547
TRNAL-AAG,-0.120840656015419,3.58710780226495,2.5522514682025,1.83629,1.69822,-7.82527,"['down', 'up', 'up']","['up', 'up', 'down']","['expr_down_acc_up', 'increase', 'expr_up_acc_down']","[['down', 'up'], ['up', 'up'], ['up', 'down']]","['down/up , expr_down_acc_up', 'up/up , increase', 'up/down , expr_up_acc_down']","['down/up', 'up/up', 'up/down']",1,0,0,0,0,0,0,1,1,conflict,late down,flat,late down & flat,late down & flat | conflict,19.636363636363637,3.8960757184791532,1,7.636363636363637,0.0
TRNAT-UGU,-0.88306176973163,-1.29878870659716,1.18882234460381,5.59034,3.14873,2.1306900000000004,"['down', 'down', 'up']","['up', 'up', 'up']","['expr_down_acc_up', 'expr_down_acc_up', 'increase']","[['down', 'up'], ['down', 'up'], ['up', 'up']]","['down/up , expr_down_acc_up', 'down/up , expr_down_acc_up', 'up/up , increase']","['down/up', 'down/up', 'up/up']",1,0,0,0,0,0,0,0,2,conflict,late up,gradual down,late up & gradual down,late up & gradual down | conflict,24.0,2.6724130826666794,1,8.121212121212121,0.0
TRNAL-UAG,3.48843621730443,2.57295093121775,2.76834431496428,4.820929999999999,2.54457,1.9765300000000003,"['up', 'up', 'up']","['up', 'up', 'up']","['increase', 'increase', 'increase']","[['up', 'up'], ['up', 'up'], ['up', 'up']]","['up/up , increase', 'up/up , increase', 'up/up , increase']","['up/up', 'up/up', 'up/up']",3,0,0,0,0,0,0,0,0,expr_acc_up,late up,gradual down,late up & gradual down,late up & gradual down | expr_acc_up,12.0,0.9737851214859718,1,0.0,8.0
ANG,-0.290486166213979,0.463842311675754,-0.631758017821186,-6.729500000000002,3.0888600000000004,-8.305869999999999,"['down', 'up', 'down']","['down', 'up', 'down']","['decrease', 'increase', 'decrease']","[['down', 'down'], ['up', 'up'], ['down', 'down']]","['down/down , decrease', 'up/up , increase', 'down/down , decrease']","['down/down', 'up/up', 'down/down']",1,2,0,0,0,0,0,0,0,mixed,late down,late down,late down & late down,late down & late down | mixed,17.454545454545453,1.1034683524733557,1,0.0,6.545454545454547
RNASE4,-0.453607598937586,-0.601411181717318,-0.88817570920115,-6.729500000000002,3.0888600000000004,-8.305869999999999,"['down', 'down', 'down']","['down', 'up', 'down']","['decrease', 'expr_down_acc_up', 'decrease']","[['down', 'down'], ['down', 'up'], ['down', 'down']]","['down/down , decrease', 'down/up , expr_down_acc_up', 'down/down , decrease']","['down/down', 'down/up', 'down/down']",0,2,0,0,0,0,0,0,1,mixed,gradual down,late down,gradual down & late down,gradual down & late down | mixed,12.0,0.434568110263564,0,0.0,12.0
METTL17,0.0574188404145588,0.0093735509424637,0.351223586359447,-7.972999999999999,-15.397620000000002,-4.579289999999999,"['up', 'flat', 'up']","['down', 'down', 'down']","['expr_up_acc_down', 'acc_only_down', 'expr_up_acc_down']","[['up', 'down'], ['flat', 'down'], ['up', 'down']]","['up/down , expr_up_acc_down', 'flat/down , acc_only_down', 'up/down , expr_up_acc_down']","['up/down', 'flat/down', 'up/down']",0,0,0,0,0,0,1,2,0,conflict,late up,late up,late up & late up,late up & late up | conflict,24.0,0.36952272619460685,1,8.242424242424242,0.0
NDRG2,0.0587806926798014,0.105875603956072,0.808853988890836,0.00231,-1.8695800000000005,-0.1360899999999998,"['up', 'up', 'up']","['flat', 'down', 'flat']","['expr_only_up', 'expr_up_acc_down', 'expr_only_up']","[['up', 'flat'], ['up', 'down'], ['up', 'flat']]","['up/flat , expr_only_up', 'up/down , expr_up_acc_down', 'up/flat , expr_only_up']","['up/flat', 'up/down', 'up/flat']",0,0,0,2,0,0,0,1,0,expression_only,gradual up,late up,gradual up & late up,gradual up & late up | expression_only,24.0,0.8101969445002382,1,9.454545454545455,0.0
ARHGEF40,-0.143758683028705,-0.474117470093848,-0.368534139203344,2.1290999999999976,-1.56475,-2.656989999999998,"['down', 'down', 'down']","['up', 'down', 'down']","['expr_down_acc_up', 'decrease', 'decrease']","[['down', 'up'], ['down', 'down'], ['down', 'down']]","['down/up , expr_down_acc_up', 'down/down , decrease', 'down/down , decrease']","['down/up', 'down/down', 'down/down']",0,2,0,0,0,0,0,0,1,mixed,late up,gradual down,late up & gradual down,late up & gradual down | mixed,12.0,0.3448397293317461,1,0.0,7.515151515151516
ZNF219,0.6326567711363,0.745283934286217,1.0797946081634,0.7740399999999994,2.8466500000000003,-2.36672,"['up', 'up', 'up']","['up', 'up', 'down']","['increase', 'increase', 'expr_up_acc_down']","[['up', 'up'], ['up', 'up'], ['up', 'down']]","['up/up , increase', 'up/up , increase', 'up/down , expr_up_acc_down']","['up/up', 'up/up', 'up/down']",2,0,0,0,0,0,0,1,0,mixed,gradual up,late down,gradual up & late down,gradual up & late down | mixed,24.0,0.44713783702709997,0,12.0,0.0
TMEM253,3.2481259799333,2.55744891910416,1.24436717357716,0.8693399999999998,-0.23672,0.8431300000000004,"['up', 'up', 'up']","['up', 'down', 'up']","['increase', 'expr_up_acc_down', 'increase']","[['up', 'up'], ['up', 'down'], ['up', 'up']]","['up/up , increase', 'up/down , expr_up_acc_down', 'up/up , increase']","['up/up', 'up/down', 'up/up']",2,0,0,0,0,0,0,1,0,mixed,gradual down,late up,gradual down & late up,gradual down & late up | mixed,12.0,2.0037588063561405,0,0.0,12.0
HNRNPC,-0.425164221857184,0.127625164125615,-0.0405346056833844,-0.9600300000000002,1.6356000000000002,0.9973,"['down', 'up', 'down']","['down', 'up', 'up']","['decrease', 'increase', 'expr_down_acc_up']","[['down', 'down'], ['up', 'up'], ['down', 'up']]","['down/down , decrease', 'up/up , increase', 'down/up , expr_down_acc_up']","['down/down', 'up/up', 'down/up']",1,1,0,0,0,0,0,0,1,mixed,late down,late down,late down & late down,late down & late down | mixed,19.636363636363637,0.5784267204109362,1,7.636363636363637,0.0
SUPT16H,-0.364529895536893,-0.0225638368494318,-0.433371906516725,-5.764800000000001,-1.7443499999999998,-9.74757,"['down', 'down', 'down']","['down', 'down', 'down']","['decrease', 'decrease', 'decrease']","[['down', 'down'], ['down', 'down'], ['down', 'down']]","['down/down , decrease', 'down/down , decrease', 'down/down , decrease']","['down/down', 'down/down', 'down/down']",0,3,0,0,0,0,0,0,0,expr_acc_down,late down,late down,late down & late down,late down & late down | expr_acc_down,17.696969696969695,0.41158643117255533,1,0.0,6.3030303030303045
CHD8,0.0405116273086443,0.538685100085263,0.608138385954038,-15.87629,-1.8695800000000005,0.5348000000000006,"['up', 'up', 'up']","['down', 'down', 'up']","['expr_up_acc_down', 'expr_up_acc_down', 'increase']","[['up', 'down'], ['up', 'down'], ['up', 'up']]","['up/down , expr_up_acc_down', 'up/down , expr_up_acc_down', 'up/up , increase']","['up/down', 'up/down', 'up/up']",1,0,0,0,0,0,0,2,0,conflict,gradual up,gradual up,gradual up & gradual up,gradual up & gradual up | conflict,21.939393939393938,0.5921095712460335,1,9.939393939393938,0.0
RAB2B,0.293444766596452,0.747556263865445,0.989751950521839,-2.30358,-1.4422699999999995,-20.32027,"['up', 'up', 'up']","['down', 'down', 'down']","['expr_up_acc_down', 'expr_up_acc_down', 'expr_up_acc_down']","[['up', 'down'], ['up', 'down'], ['up', 'down']]","['up/down , expr_up_acc_down', 'up/down , expr_up_acc_down', 'up/down , expr_up_acc_down']","['up/down', 'up/down', 'up/down']",0,0,0,0,0,0,0,3,0,conflict,gradual up,late down,gradual up & late down,gradual up & late down | conflict,24.0,0.6963071839253869,0,12.0,0.0
TOX4,-0.560736654324429,-0.229283605364988,0.015169692049955,-2.30358,-5.252269999999999,-14.67139,"['down', 'down', 'flat']","['down', 'down', 'down']","['decrease', 'decrease', 'acc_only_down']","[['down', 'down'], ['down', 'down'], ['flat', 'down']]","['down/down , decrease', 'down/down , decrease', 'flat/down , acc_only_down']","['down/down', 'down/down', 'flat/down']",0,2,0,0,0,0,1,0,0,mixed,gradual up,gradual down,gradual up & gradual down,gradual up & gradual down | mixed,24.0,0.575906346374384,0,12.0,0.0
METTL3,-0.209776277652345,-0.496905188550403,-0.310195925946667,1.7363799999999996,-46.9387,8.58653,"['down', 'down', 'down']","['up', 'down', 'up']","['expr_down_acc_up', 'decrease', 'expr_down_acc_up']","[['down', 'up'], ['down', 'down'], ['down', 'up']]","['down/up , expr_down_acc_up', 'down/down , decrease', 'down/up , expr_down_acc_up']","['down/up', 'down/down', 'down/up']",0,1,0,0,0,0,0,0,2,conflict,late up,late up,late up & late up,late up & late up | conflict,12.0,0.289782853250818,1,0.0,6.666666666666668
SALL2,-0.685677283284574,-0.368264131826885,-0.413482882433399,-2.88471,0.6695100000000007,-1.0972399999999998,"['down', 'down', 'down']","['down', 'up', 'down']","['decrease', 'expr_down_acc_up', 'decrease']","[['down', 'down'], ['down', 'up'], ['down', 'down']]","['down/down , decrease', 'down/up , expr_down_acc_up', 'down/down , decrease']","['down/down', 'down/up', 'down/down']",0,2,0,0,0,0,0,0,1,mixed,late down,late down,late down & late down,late down & late down | mixed,20.242424242424242,0.3429516177566361,1,8.242424242424242,0.0
LOC103231419,0.0,0.0,1.95803895786842,8.28443,4.41964,-2.05839,"['flat', 'flat', 'up']","['up', 'up', 'down']","['acc_only_up', 'acc_only_up', 'expr_up_acc_down']","[['flat', 'up'], ['flat', 'up'], ['up', 'down']]","['flat/up , acc_only_up', 'flat/up , acc_only_up', 'up/down , expr_up_acc_down']","['flat/up', 'flat/up', 'up/down']",0,0,0,0,0,2,0,1,0,accessibility_only,flat,gradual down,flat & gradual down,flat & gradual down | accessibility_only,24.0,2.202768855163473,1,8.969696969696969,0.0
LOC103231438,0.698589085337982,2.0727783391456,3.28227798745801,3.663380000000001,-2.28864,-4.13486,"['up', 'up', 'up']","['up', 'down', 'down']","['increase', 'expr_up_acc_down', 'expr_up_acc_down']","[['up', 'up'], ['up', 'down'], ['up', 'down']]","['up/up , increase', 'up/down , expr_up_acc_down', 'up/down , expr_up_acc_down']","['up/up', 'up/down', 'up/down']",1,0,0,0,0,0,0,2,0,conflict,gradual up,gradual down,gradual up & gradual down,gradual up & gradual down | conflict,24.0,2.583688902120028,0,12.0,0.0
DAD1,-0.63821327032762,-0.620734675553107,-1.80287645063573,-1.9223700000000004,0.2449499999999997,1.1514600000000002,"['down', 'down', 'down']","['down', 'up', 'up']","['decrease', 'expr_down_acc_up', 'expr_down_acc_up']","[['down', 'down'], ['down', 'up'], ['down', 'up']]","['down/down , decrease', 'down/up , expr_down_acc_up', 'down/up , expr_down_acc_up']","['down/down', 'down/up', 'down/up']",0,1,0,0,0,0,0,0,2,conflict,flat,gradual up,flat & gradual up,flat & gradual up | conflict,15.030303030303031,1.323427999939661,1,0.0,8.969696969696969
ABHD4,-1.22780046442732,-1.29876963250687,-1.46113072510467,-11.341199999999995,-3.7309,-7.48084,"['down', 'down', 'down']","['down', 'down', 'down']","['decrease', 'decrease', 'decrease']","[['down', 'down'], ['down', 'down'], ['down', 'down']]","['down/down , decrease', 'down/down , decrease', 'down/down , decrease']","['down/down', 'down/down', 'down/down']",0,3,0,0,0,0,0,0,0,expr_acc_down,gradual down,late down,gradual down & late down,gradual down & late down | expr_acc_down,12.0,0.23333026067734997,0,0.0,12.0
LOC103231443,-0.495943839889387,-0.822577186298159,-0.560005432978383,-6.146000000000001,-13.157800000000002,-15.01582,"['down', 'down', 'down']","['down', 'down', 'down']","['decrease', 'decrease', 'decrease']","[['down', 'down'], ['down', 'down'], ['down', 'down']]","['down/down , decrease', 'down/down , decrease', 'down/down , decrease']","['down/down', 'down/down', 'down/down']",0,3,0,0,0,0,0,0,0,expr_acc_down,late up,gradual down,late up & gradual down,late up & gradual down | expr_acc_down,12.0,0.3274996029686047,1,0.0,6.3030303030303045
MRPL52,-1.03564469129752,-1.01704548954778,-1.528434627958,-2.78709,2.18264,-0.44442,"['down', 'down', 'down']","['down', 'up', 'down']","['decrease', 'expr_down_acc_up', 'decrease']","[['down', 'down'], ['down', 'up'], ['down', 'down']]","['down/down , decrease', 'down/up , expr_down_acc_up', 'down/down , decrease']","['down/down', 'down/up', 'down/down']",0,2,0,0,0,0,0,0,1,mixed,flat,late down,flat & late down,flat & late down | mixed,15.151515151515152,0.5686387727265071,1,0.0,8.848484848484848
MMP14,-0.623248240739279,-0.676922601751284,-1.02584958129555,-5.095280000000001,-2.10632,0.3625600000000002,"['down', 'down', 'down']","['down', 'down', 'up']","['decrease', 'decrease', 'expr_down_acc_up']","[['down', 'down'], ['down', 'down'], ['down', 'up']]","['down/down , decrease', 'down/down , decrease', 'down/up , expr_down_acc_up']","['down/down', 'down/down', 'down/up']",0,2,0,0,0,0,0,0,1,mixed,gradual down,gradual up,gradual down & gradual up,gradual down & gradual up | mixed,13.93939393939394,0.41754577799944526,1,0.0,10.06060606060606
LOC103231445,1.05410501841017,3.43840620047964,3.96070892584791,-1.4411999999999998,4.78159,-2.21256,"['up', 'up', 'up']","['down', 'up', 'down']","['expr_up_acc_down', 'increase', 'expr_up_acc_down']","[['up', 'down'], ['up', 'up'], ['up', 'down']]","['up/down , expr_up_acc_down', 'up/up , increase', 'up/down , expr_up_acc_down']","['up/down', 'up/up', 'up/down']",1,0,0,0,0,0,0,2,0,conflict,gradual up,late down,gradual up & late down,gradual up & late down | conflict,22.666666666666668,2.9514500820090923,1,10.666666666666668,0.0
LRP10,-0.644527713532441,-0.927578012400854,-0.937378316016832,-16.155400000000004,-9.407699999999998,-15.65054,"['down', 'down', 'down']","['down', 'down', 'down']","['decrease', 'decrease', 'decrease']","[['down', 'down'], ['down', 'down'], ['down', 'down']]","['down/down , decrease', 'down/down , decrease', 'down/down , decrease']","['down/down', 'down/down', 'down/down']",0,3,0,0,0,0,0,0,0,expr_acc_down,flat,late down,flat & late down,flat & late down | expr_acc_down,12.0,0.3222824116411662,1,0.0,9.212121212121211
REM2,1.88996142512231,3.42568347520965,2.87288934032333,-3.46119,-0.4190599999999995,-2.69314,"['up', 'up', 'up']","['down', 'down', 'down']","['expr_up_acc_down', 'expr_up_acc_down', 'expr_up_acc_down']","[['up', 'down'], ['up', 'down'], ['up', 'down']]","['up/down , expr_up_acc_down', 'up/down , expr_up_acc_down', 'up/down , expr_up_acc_down']","['up/down', 'up/down', 'up/down']",0,0,0,0,0,0,0,3,0,conflict,late down,late down,late down & late down,late down & late down | conflict,19.393939393939394,1.5935376709965154,1,7.3939393939393945,0.0
RBM23,-0.367757871917123,-0.355652657960107,0.0072718079599076,-55.04178,1.6356000000000002,0.3444800000000003,"['down', 'down', 'flat']","['down', 'up', 'up']","['decrease', 'expr_down_acc_up', 'acc_only_up']","[['down', 'down'], ['down', 'up'], ['flat', 'up']]","['down/down , decrease', 'down/up , expr_down_acc_up', 'flat/up , acc_only_up']","['down/down', 'down/up', 'flat/up']",0,1,0,0,0,1,0,0,1,mixed,flat,late down,flat & late down,flat & late down | mixed,24.0,0.4130382018424059,1,9.212121212121211,0.0
PRMT5,-0.410198665523533,-0.377219923727715,-0.691950734254223,-1.3042000000000016,-2.17165,-42.10029,"['down', 'down', 'down']","['down', 'down', 'down']","['decrease', 'decrease', 'decrease']","[['down', 'down'], ['down', 'down'], ['down', 'down']]","['down/down , decrease', 'down/down , decrease', 'down/down , decrease']","['down/down', 'down/down', 'down/down']",0,3,0,0,0,0,0,0,0,expr_acc_down,late down,gradual down,late down & gradual down,late down & gradual down | expr_acc_down,15.515151515151516,0.34325503711175653,1,0.0,8.484848484848484
TRNAR-ACG,1.40873251653841,0.664376234854734,3.2753400760204,-1.3042000000000016,1.63835,-32.4165,"['up', 'up', 'up']","['down', 'up', 'down']","['expr_up_acc_down', 'increase', 'expr_up_acc_down']","[['up', 'down'], ['up', 'up'], ['up', 'down']]","['up/down , expr_up_acc_down', 'up/up , increase', 'up/down , expr_up_acc_down']","['up/down', 'up/up', 'up/down']",1,0,0,0,0,0,0,2,0,conflict,late up,late down,late up & late down,late up & late down | conflict,24.0,2.7407166029725323,1,7.636363636363637,0.0
HAUS4,-0.761366789380852,-0.684990708401189,-1.21082235139693,6.745609999999999,12.46147,3.89883,"['down', 'down', 'down']","['up', 'up', 'up']","['expr_down_acc_up', 'expr_down_acc_up', 'expr_down_acc_up']","[['down', 'up'], ['down', 'up'], ['down', 'up']]","['down/up , expr_down_acc_up', 'down/up , expr_down_acc_up', 'down/up , expr_down_acc_up']","['down/up', 'down/up', 'down/up']",0,0,0,0,0,0,0,0,3,conflict,late down,late down,late down & late down,late down & late down | conflict,15.757575757575758,0.5677627392891073,1,0.0,8.242424242424242
AJUBA,-0.528300731089929,-0.414600458099829,-0.442014134613092,-4.2306,-2.04917,-0.5985899999999997,"['down', 'down', 'down']","['down', 'down', 'down']","['decrease', 'decrease', 'decrease']","[['down', 'down'], ['down', 'down'], ['down', 'down']]","['down/down , decrease', 'down/down , decrease', 'down/down , decrease']","['down/down', 'down/down', 'down/down']",0,3,0,0,0,0,0,0,0,expr_acc_down,late down,gradual up,late down & gradual up,late down & gradual up | expr_acc_down,19.87878787878788,0.12029159321837679,1,7.878787878787879,0.0
LOC103231455,-0.958111715922547,-1.47207976475424,-2.49644693815833,2.796339999999999,-0.5360400000000007,-1.5597399999999997,"['down', 'down', 'down']","['up', 'down', 'down']","['expr_down_acc_up', 'decrease', 'decrease']","[['down', 'up'], ['down', 'down'], ['down', 'down']]","['down/up , expr_down_acc_up', 'down/down , decrease', 'down/down , decrease']","['down/up', 'down/down', 'down/down']",0,2,0,0,0,0,0,0,1,mixed,gradual down,gradual down,gradual down & gradual down,gradual down & gradual down | mixed,12.0,1.538335222235783,0,0.0,12.0
C29H14orf93,-0.516635312025925,-1.16767058653191,-0.474983862642735,1.4481399999999995,0.1252200000000005,0.3444800000000003,"['down', 'down', 'down']","['up', 'flat', 'up']","['expr_down_acc_up', 'expr_only_down', 'expr_down_acc_up']","[['down', 'up'], ['down', 'flat'], ['down', 'up']]","['down/up , expr_down_acc_up', 'down/flat , expr_only_down', 'down/up , expr_down_acc_up']","['down/up', 'down/flat', 'down/up']",0,0,0,0,1,0,0,0,2,conflict,late up,flat,late up & flat,late up & flat | conflict,24.0,0.6928285344947529,1,6.060606060606062,0.0
LOC103231527,2.64444966753669,1.0840411503158,0.0,-0.4510999999999967,-15.732099999999996,-26.8037,"['up', 'up', 'flat']","['down', 'down', 'down']","['expr_up_acc_down', 'expr_up_acc_down', 'acc_only_down']","[['up', 'down'], ['up', 'down'], ['flat', 'down']]","['up/down , expr_up_acc_down', 'up/down , expr_up_acc_down', 'flat/down , acc_only_down']","['up/down', 'up/down', 'flat/down']",0,0,0,0,0,0,1,2,0,conflict,gradual down,gradual down,gradual down & gradual down,gradual down & gradual down | conflict,12.0,2.64444966753669,0,0.0,12.0
PSMB5,-0.403896243191705,-0.754291772425506,-1.1363339593371,17.0547,-13.65049,-6.05719,"['down', 'down', 'down']","['up', 'down', 'down']","['expr_down_acc_up', 'decrease', 'decrease']","[['down', 'up'], ['down', 'down'], ['down', 'down']]","['down/up , expr_down_acc_up', 'down/down , decrease', 'down/down , decrease']","['down/up', 'down/down', 'down/down']",0,2,0,0,0,0,0,0,1,mixed,gradual down,late up,gradual down & late up,gradual down & late up | mixed,12.0,0.7324377161453951,0,0.0,12.0
CDH24,0.430491481843301,0.188493430773301,0.119141976614069,-0.9600300000000002,2.6044500000000004,-0.44442,"['up', 'up', 'up']","['down', 'up', 'down']","['expr_up_acc_down', 'increase', 'expr_up_acc_down']","[['up', 'down'], ['up', 'up'], ['up', 'down']]","['up/down , expr_up_acc_down', 'up/up , increase', 'up/down , expr_up_acc_down']","['up/down', 'up/up', 'up/down']",1,0,0,0,0,0,0,2,0,conflict,gradual down,late down,gradual down & late down,gradual down & late down | conflict,12.0,0.312183072825156,1,0.0,11.393939393939394
ACIN1,-0.0501732044073217,0.402000007817294,0.778109893115738,2.901,-3.1377399999999995,-1.5597399999999997,"['down', 'up', 'up']","['up', 'down', 'down']","['expr_down_acc_up', 'expr_up_acc_down', 'expr_up_acc_down']","[['down', 'up'], ['up', 'down'], ['up', 'down']]","['down/up , expr_down_acc_up', 'up/down , expr_up_acc_down', 'up/down , expr_up_acc_down']","['down/up', 'up/down', 'up/down']",0,0,0,0,0,0,0,2,1,conflict,gradual up,late up,gradual up & late up,gradual up & late up | conflict,24.0,0.8282830975230596,0,12.0,0.0
C29H14orf119,-1.01935402644557,-0.400377369308845,-0.570391077203149,-1.3111999999999997,-51.4452,-43.19745,"['down', 'down', 'down']","['down', 'down', 'down']","['decrease', 'decrease', 'decrease']","[['down', 'down'], ['down', 'down'], ['down', 'down']]","['down/down , decrease', 'down/down , decrease', 'down/down , decrease']","['down/down', 'down/down', 'down/down']",0,3,0,0,0,0,0,0,0,expr_acc_down,late down,late up,late down & late up,late down & late up | expr_acc_down,19.757575757575758,0.6508831835260676,1,7.757575757575758,0.0
CEBPE,-2.41657470559223,2.52123405519037,2.40195799199596,-0.47886,1.81795,-1.5778199999999996,"['down', 'up', 'up']","['down', 'up', 'down']","['decrease', 'increase', 'expr_up_acc_down']","[['down', 'down'], ['up', 'up'], ['up', 'down']]","['down/down , decrease', 'up/up , increase', 'up/down , expr_up_acc_down']","['down/down', 'up/up', 'up/down']",1,1,0,0,0,0,0,1,0,mixed,late down,late down,late down & late down,late down & late down | mixed,20.84848484848485,5.5117059276896825,1,8.848484848484851,0.0
SLC7A8,-0.0370731953446249,-0.184301174344381,-0.654123242718627,-3.84705,0.7293700000000003,0.3444800000000003,"['down', 'down', 'down']","['down', 'up', 'up']","['decrease', 'expr_down_acc_up', 'expr_down_acc_up']","[['down', 'down'], ['down', 'up'], ['down', 'up']]","['down/down , decrease', 'down/up , expr_down_acc_up', 'down/up , expr_down_acc_up']","['down/down', 'down/up', 'down/up']",0,1,0,0,0,0,0,0,2,conflict,gradual down,late down,gradual down & late down,gradual down & late down | conflict,12.242424242424242,0.617355179227614,1,0.0,11.757575757575758
HOMEZ,-0.739307100569711,-0.862767441185476,-0.915322690091084,-0.1882999999999999,-3.37996,-28.880199999999995,"['down', 'down', 'down']","['flat', 'down', 'down']","['expr_only_down', 'decrease', 'decrease']","[['down', 'flat'], ['down', 'down'], ['down', 'down']]","['down/flat , expr_only_down', 'down/down , decrease', 'down/down , decrease']","['down/flat', 'down/down', 'down/down']",0,2,0,0,1,0,0,0,0,mixed,gradual down,gradual down,gradual down & gradual down,gradual down & gradual down | mixed,12.0,0.17601558952137308,0,0.0,12.0
PPP1R3E,0.271153579879885,-0.289550821143516,-0.944238806110895,-6.729500000000002,2.1200299999999994,7.60735,"['up', 'down', 'down']","['down', 'up', 'up']","['expr_up_acc_down', 'expr_down_acc_up', 'expr_down_acc_up']","[['up', 'down'], ['down', 'up'], ['down', 'up']]","['up/down , expr_up_acc_down', 'down/up , expr_down_acc_up', 'down/up , expr_down_acc_up']","['up/down', 'down/up', 'down/up']",0,0,0,0,0,0,0,1,2,conflict,gradual down,gradual up,gradual down & gradual up,gradual down & gradual up | conflict,12.0,1.2153923859907798,0,0.0,12.0
LOC103231470,0.326300173935337,0.120746135683178,0.836132803428399,-0.2812999999999999,-8.6921,-1.88615,"['up', 'up', 'up']","['down', 'down', 'down']","['expr_up_acc_down', 'expr_up_acc_down', 'expr_up_acc_down']","[['up', 'down'], ['up', 'down'], ['up', 'down']]","['up/down , expr_up_acc_down', 'up/down , expr_up_acc_down', 'up/down , expr_up_acc_down']","['up/down', 'up/down', 'up/down']",0,0,0,0,0,0,0,3,0,conflict,late up,late up,late up & late up,late up & late up | conflict,24.0,0.7506594380728847,1,7.636363636363637,0.0
PABPN1,-0.267042533605315,-0.376460584896386,0.127442016320963,-26.1184,-82.94561999999999,-48.23929999999999,"['down', 'down', 'up']","['down', 'down', 'down']","['decrease', 'decrease', 'expr_up_acc_down']","[['down', 'down'], ['down', 'down'], ['up', 'down']]","['down/down , decrease', 'down/down , decrease', 'up/down , expr_up_acc_down']","['down/down', 'down/down', 'up/down']",0,2,0,0,0,0,0,1,0,mixed,late up,late up,late up & late up,late up & late up | mixed,24.0,0.5355969148926452,1,7.878787878787879,0.0
SLC22A17,0.173144731909606,0.748070806648111,1.63813167192805,0.6764099999999997,-0.1169799999999998,-0.1360899999999998,"['up', 'up', 'up']","['up', 'flat', 'flat']","['increase', 'expr_only_up', 'expr_only_up']","[['up', 'up'], ['up', 'flat'], ['up', 'flat']]","['up/up , increase', 'up/flat , expr_only_up', 'up/flat , expr_only_up']","['up/up', 'up/flat', 'up/flat']",1,0,0,2,0,0,0,0,0,expression_only,gradual up,flat,gradual up & flat,gradual up & flat | expression_only,24.0,1.464986940018444,0,12.0,0.0
EFS,0.160597813422649,1.41544988214013,0.76908813226789,1.1575899999999997,1.09132,0.3444800000000003,"['up', 'up', 'up']","['up', 'up', 'up']","['increase', 'increase', 'increase']","[['up', 'up'], ['up', 'up'], ['up', 'up']]","['up/up , increase', 'up/up , increase', 'up/up , increase']","['up/up', 'up/up', 'up/up']",3,0,0,0,0,0,0,0,0,expr_acc_up,late down,flat,late down & flat,late down & flat | expr_acc_up,18.90909090909091,1.279126888343157,1,6.90909090909091,0.0
NGDN,0.257775969642474,1.04339973754818,1.17035255632274,-45.799600000000005,-22.0894,3.109910000000001,"['up', 'up', 'up']","['down', 'down', 'up']","['expr_up_acc_down', 'expr_up_acc_down', 'increase']","[['up', 'down'], ['up', 'down'], ['up', 'up']]","['up/down , expr_up_acc_down', 'up/down , expr_up_acc_down', 'up/up , increase']","['up/down', 'up/down', 'up/up']",1,0,0,0,0,0,0,2,0,conflict,gradual up,gradual up,gradual up & gradual up,gradual up & gradual up | conflict,22.18181818181818,0.9436626555089868,1,10.18181818181818,0.0
THTPA,-0.960895048916971,-1.71628268532287,-1.83014814669221,0.6764099999999997,1.2736600000000005,0.1903100000000002,"['down', 'down', 'down']","['up', 'up', 'flat']","['expr_down_acc_up', 'expr_down_acc_up', 'expr_only_down']","[['down', 'up'], ['down', 'up'], ['down', 'flat']]","['down/up , expr_down_acc_up', 'down/up , expr_down_acc_up', 'down/flat , expr_only_down']","['down/up', 'down/up', 'down/flat']",0,0,0,0,1,0,0,0,2,conflict,gradual down,late down,gradual down & late down,gradual down & late down | conflict,12.0,0.9026156107862706,1,0.0,10.060606060606062
LOC103231486,0.556034131738621,1.15426238181844,1.1890414371285,0.6764099999999997,1.87781,1.1514600000000002,"['up', 'up', 'up']","['up', 'up', 'up']","['increase', 'increase', 'increase']","[['up', 'up'], ['up', 'up'], ['up', 'up']]","['up/up , increase', 'up/up , increase', 'up/up , increase']","['up/up', 'up/up', 'up/up']",3,0,0,0,0,0,0,0,0,expr_acc_up,gradual up,late down,gradual up & late down,gradual up & late down | expr_acc_up,21.333333333333336,0.6871115764582177,1,9.333333333333336,0.0
ZFHX2,0.20031467736816,0.577720564855888,0.635616919805781,0.6764099999999997,0.9715900000000004,1.1514600000000002,"['up', 'up', 'up']","['up', 'up', 'up']","['increase', 'increase', 'increase']","[['up', 'up'], ['up', 'up'], ['up', 'up']]","['up/up , increase', 'up/up , increase', 'up/up , increase']","['up/up', 'up/up', 'up/up']",3,0,0,0,0,0,0,0,0,expr_acc_up,gradual up,flat,gradual up & flat,gradual up & flat | expr_acc_up,22.060606060606062,0.4515351336119193,1,10.060606060606062,0.0
AP1G2,-0.401285266744942,-0.146823761460493,-0.172982938398957,0.4834899999999997,0.5470299999999999,0.67089,"['down', 'down', 'down']","['up', 'up', 'up']","['expr_down_acc_up', 'expr_down_acc_up', 'expr_down_acc_up']","[['down', 'up'], ['down', 'up'], ['down', 'up']]","['down/up , expr_down_acc_up', 'down/up , expr_down_acc_up', 'down/up , expr_down_acc_up']","['down/up', 'down/up', 'down/up']",0,0,0,0,0,0,0,0,3,conflict,late down,flat,late down & flat,late down & flat | conflict,20.484848484848484,0.2776711667444856,1,8.484848484848484,0.0
JPH4,0.0,2.56952512592658,0.0,2.50579,-4.28618,0.1903100000000002,"['flat', 'up', 'flat']","['up', 'down', 'flat']","['acc_only_up', 'expr_up_acc_down', 'neutral']","[['flat', 'up'], ['up', 'down'], ['flat', 'flat']]","['flat/up , acc_only_up', 'up/down , expr_up_acc_down', 'flat/flat , neutral']","['flat/up', 'up/down', 'flat/flat']",0,0,1,0,0,1,0,1,0,stable,late down,late up,late down & late up,late down & late up | stable,17.939393939393938,2.569262956237168,1,0.0,6.060606060606062
