gene_name,expr_delta_12h,expr_delta_18h,expr_delta_24h,acc_delta_12h_tss,acc_delta_18h_tss,acc_delta_24h_tss,expr_dir,acc_tss_dir,expr_acc_tss_agreement,expr_acc_direction_pairs,expr_acc_agreement_verbose,expr_acc_direction_pairs_str,increase,decrease,neutral,expr_only_up,expr_only_down,acc_only_up,acc_only_down,expr_up_acc_down,expr_down_acc_up,agreement_class,expression_pattern,accessibility_pattern,combined_pattern,combined_label
OCIAD2,-0.461775826798454,-0.560472339787768,-1.10999434033617,-7.01998,1.39614,-1.88615,"['down', 'down', 'down']","['down', 'up', 'down']","['decrease', 'expr_down_acc_up', 'decrease']","[['down', 'down'], ['down', 'up'], ['down', 'down']]","['down/down , decrease', 'down/up , expr_down_acc_up', 'down/down , decrease']","['down/down', 'down/up', 'down/down']",0,2,0,0,0,0,0,0,1,mixed,gradual down,late down,gradual down & late down,gradual down & late down | mixed
OCIAD1,0.022714124679193,0.0298642959191909,-0.0892194708965509,15.99018,7.44316,-9.74757,"['flat', 'flat', 'down']","['up', 'up', 'down']","['acc_only_up', 'acc_only_up', 'decrease']","[['flat', 'up'], ['flat', 'up'], ['down', 'down']]","['flat/up , acc_only_up', 'flat/up , acc_only_up', 'down/down , decrease']","['flat/up', 'flat/up', 'down/down']",0,1,0,0,0,2,0,0,0,accessibility_only,flat,gradual down,flat & gradual down,flat & gradual down | accessibility_only
FRYL,0.313799844043129,0.350333625640188,0.528833769878182,-9.67240000000001,-41.2372,-23.9203,"['up', 'up', 'up']","['down', 'down', 'down']","['expr_up_acc_down', 'expr_up_acc_down', 'expr_up_acc_down']","[['up', 'down'], ['up', 'down'], ['up', 'down']]","['up/down , expr_up_acc_down', 'up/down , expr_up_acc_down', 'up/down , expr_up_acc_down']","['up/down', 'up/down', 'up/down']",0,0,0,0,0,0,0,3,0,conflict,gradual up,late up,gradual up & late up,gradual up & late up | conflict
SLAIN2,-0.113726286856561,-0.0235095226434855,-0.104400657637599,7.22448,0.2449499999999997,2.6112600000000006,"['down', 'flat', 'down']","['up', 'up', 'up']","['expr_down_acc_up', 'acc_only_up', 'expr_down_acc_up']","[['down', 'up'], ['flat', 'up'], ['down', 'up']]","['down/up , expr_down_acc_up', 'flat/up , acc_only_up', 'down/up , expr_down_acc_up']","['down/up', 'flat/up', 'down/up']",0,0,0,0,0,1,0,0,2,conflict,late down,late up,late down & late up,late down & late up | conflict
TEC,1.23753745968686,1.20136881222038,1.97940197668128,7.324400000000001,-7.12189,-0.44442,"['up', 'up', 'up']","['up', 'down', 'down']","['increase', 'expr_up_acc_down', 'expr_up_acc_down']","[['up', 'up'], ['up', 'down'], ['up', 'down']]","['up/up , increase', 'up/down , expr_up_acc_down', 'up/down , expr_up_acc_down']","['up/up', 'up/down', 'up/down']",1,0,0,0,0,0,0,2,0,conflict,late up,late up,late up & late up,late up & late up | conflict
TXK,3.66116696096429,1.06315104716845,1.80611729508445,-16.053000000000004,-20.473,-18.05344,"['up', 'up', 'up']","['down', 'down', 'down']","['expr_up_acc_down', 'expr_up_acc_down', 'expr_up_acc_down']","[['up', 'down'], ['up', 'down'], ['up', 'down']]","['up/down , expr_up_acc_down', 'up/down , expr_up_acc_down', 'up/down , expr_up_acc_down']","['up/down', 'up/down', 'up/down']",0,0,0,0,0,0,0,3,0,conflict,late up,late up,late up & late up,late up & late up | conflict
NIPAL1,0.543490133871073,0.834619092757137,0.949469648741875,37.0779,20.92784,2.6112600000000006,"['up', 'up', 'up']","['up', 'up', 'up']","['increase', 'increase', 'increase']","[['up', 'up'], ['up', 'up'], ['up', 'up']]","['up/up , increase', 'up/up , increase', 'up/up , increase']","['up/up', 'up/up', 'up/up']",3,0,0,0,0,0,0,0,0,expr_acc_up,gradual up,gradual down,gradual up & gradual down,gradual up & gradual down | expr_acc_up
CNGA1,2.48382184666298,3.30570649238951,1.95881878016389,-7.59879,3.0915800000000004,5.18638,"['up', 'up', 'up']","['down', 'up', 'up']","['expr_up_acc_down', 'increase', 'increase']","[['up', 'down'], ['up', 'up'], ['up', 'up']]","['up/down , expr_up_acc_down', 'up/up , increase', 'up/up , increase']","['up/down', 'up/up', 'up/up']",2,0,0,0,0,0,0,1,0,mixed,late down,gradual up,late down & gradual up,late down & gradual up | mixed
NFXL1,0.484311437116125,0.13816512918937,0.518884434354968,-14.8908,-14.415,-23.64807,"['up', 'up', 'up']","['down', 'down', 'down']","['expr_up_acc_down', 'expr_up_acc_down', 'expr_up_acc_down']","[['up', 'down'], ['up', 'down'], ['up', 'down']]","['up/down , expr_up_acc_down', 'up/down , expr_up_acc_down', 'up/down , expr_up_acc_down']","['up/down', 'up/down', 'up/down']",0,0,0,0,0,0,0,3,0,conflict,late up,late down,late up & late down,late up & late down | conflict
CORIN,1.63075538926685,1.57911751131613,1.90798823162121,0.00231,3.2086,-0.7708399999999997,"['up', 'up', 'up']","['flat', 'up', 'down']","['expr_only_up', 'increase', 'expr_up_acc_down']","[['up', 'flat'], ['up', 'up'], ['up', 'down']]","['up/flat , expr_only_up', 'up/up , increase', 'up/down , expr_up_acc_down']","['up/flat', 'up/up', 'up/down']",1,0,0,1,0,0,0,1,0,mixed,late up,late down,late up & late down,late up & late down | mixed
ATP10D,-0.143575289717636,-0.213481343968436,-0.752224564582893,3.85628,24.19354,13.25625,"['down', 'down', 'down']","['up', 'up', 'up']","['expr_down_acc_up', 'expr_down_acc_up', 'expr_down_acc_up']","[['down', 'up'], ['down', 'up'], ['down', 'up']]","['down/up , expr_down_acc_up', 'down/up , expr_down_acc_up', 'down/up , expr_down_acc_up']","['down/up', 'down/up', 'down/up']",0,0,0,0,0,0,0,0,3,conflict,gradual down,late down,gradual down & late down,gradual down & late down | conflict
COMMD8,-0.360630789356419,-0.0644266420276382,-0.175132568097697,6.659600000000001,-4.9419,-10.21012,"['down', 'down', 'down']","['up', 'down', 'down']","['expr_down_acc_up', 'decrease', 'decrease']","[['down', 'up'], ['down', 'down'], ['down', 'down']]","['down/up , expr_down_acc_up', 'down/down , decrease', 'down/down , decrease']","['down/up', 'down/down', 'down/down']",0,2,0,0,0,0,0,0,1,mixed,late down,gradual down,late down & gradual down,late down & gradual down | mixed
GABRA2,-0.228434619760333,-1.0643030050228,-1.62592313273788,2.31517,0.6695100000000007,0.9973,"['down', 'down', 'down']","['up', 'up', 'up']","['expr_down_acc_up', 'expr_down_acc_up', 'expr_down_acc_up']","[['down', 'up'], ['down', 'up'], ['down', 'up']]","['down/up , expr_down_acc_up', 'down/up , expr_down_acc_up', 'down/up , expr_down_acc_up']","['down/up', 'down/up', 'down/up']",0,0,0,0,0,0,0,0,3,conflict,gradual down,late up,gradual down & late up,gradual down & late up | conflict
GNPDA2,-0.0753480834229242,0.569146764719528,0.0823339199462885,-7.589500000000001,-12.43946,-7.000239999999999,"['down', 'up', 'up']","['down', 'down', 'down']","['decrease', 'expr_up_acc_down', 'expr_up_acc_down']","[['down', 'down'], ['up', 'down'], ['up', 'down']]","['down/down , decrease', 'up/down , expr_up_acc_down', 'up/down , expr_up_acc_down']","['down/down', 'up/down', 'up/down']",0,1,0,0,0,0,0,2,0,conflict,late down,late up,late down & late up,late down & late up | conflict
GUF1,0.53841090555342,0.722225032563378,0.891356604344634,10.0209,-17.6291,-14.3811,"['up', 'up', 'up']","['up', 'down', 'down']","['increase', 'expr_up_acc_down', 'expr_up_acc_down']","[['up', 'up'], ['up', 'down'], ['up', 'down']]","['up/up , increase', 'up/down , expr_up_acc_down', 'up/down , expr_up_acc_down']","['up/up', 'up/down', 'up/down']",1,0,0,0,0,0,0,2,0,conflict,gradual up,late up,gradual up & late up,gradual up & late up | conflict
YIPF7,0.0562118394940916,-0.51366980480289,-0.241049770852678,10.0209,-17.6291,-14.3811,"['up', 'down', 'down']","['up', 'down', 'down']","['increase', 'decrease', 'decrease']","[['up', 'up'], ['down', 'down'], ['down', 'down']]","['up/up , increase', 'down/down , decrease', 'down/down , decrease']","['up/up', 'down/down', 'down/down']",1,2,0,0,0,0,0,0,0,mixed,late up,late up,late up & late up,late up & late up | mixed
SLC30A9,-0.321753829866878,-0.534881851476366,-0.945142208782173,15.797250000000002,10.40679,1.1514600000000002,"['down', 'down', 'down']","['up', 'up', 'up']","['expr_down_acc_up', 'expr_down_acc_up', 'expr_down_acc_up']","[['down', 'up'], ['down', 'up'], ['down', 'up']]","['down/up , expr_down_acc_up', 'down/up , expr_down_acc_up', 'down/up , expr_down_acc_up']","['down/up', 'down/up', 'down/up']",0,0,0,0,0,0,0,0,3,conflict,gradual down,gradual down,gradual down & gradual down,gradual down & gradual down | conflict
TMEM33,0.0388838259991096,0.0402995316268148,-0.203625077769821,-38.87489,-28.8059,-14.82551,"['up', 'up', 'down']","['down', 'down', 'down']","['expr_up_acc_down', 'expr_up_acc_down', 'decrease']","[['up', 'down'], ['up', 'down'], ['down', 'down']]","['up/down , expr_up_acc_down', 'up/down , expr_up_acc_down', 'down/down , decrease']","['up/down', 'up/down', 'down/down']",0,1,0,0,0,0,0,2,0,conflict,flat,gradual up,flat & gradual up,flat & gradual up | conflict
LOC103246165,1.31227678248072,0.0,0.0,1.92931,-0.3591999999999999,0.9973,"['up', 'flat', 'flat']","['up', 'down', 'up']","['increase', 'acc_only_down', 'acc_only_up']","[['up', 'up'], ['flat', 'down'], ['flat', 'up']]","['up/up , increase', 'flat/down , acc_only_down', 'flat/up , acc_only_up']","['up/up', 'flat/down', 'flat/up']",1,0,0,0,0,1,1,0,0,mixed,flat,late up,flat & late up,flat & late up | mixed
LIMCH1,-0.521980915726742,-0.601989991979579,-1.21890715623433,0.6764099999999997,0.3103099999999994,-1.0972399999999998,"['down', 'down', 'down']","['up', 'up', 'down']","['expr_down_acc_up', 'expr_down_acc_up', 'decrease']","[['down', 'up'], ['down', 'up'], ['down', 'down']]","['down/up , expr_down_acc_up', 'down/up , expr_down_acc_up', 'down/down , decrease']","['down/up', 'down/up', 'down/down']",0,1,0,0,0,0,0,0,2,conflict,gradual down,gradual down,gradual down & gradual down,gradual down & gradual down | conflict
UCHL1,-1.11009524093469,-1.15456699774659,-1.32186094562349,2.89394,4.11756,-1.2333399999999992,"['down', 'down', 'down']","['up', 'up', 'down']","['expr_down_acc_up', 'expr_down_acc_up', 'decrease']","[['down', 'up'], ['down', 'up'], ['down', 'down']]","['down/up , expr_down_acc_up', 'down/up , expr_down_acc_up', 'down/down , decrease']","['down/up', 'down/up', 'down/down']",0,1,0,0,0,0,0,0,2,conflict,gradual down,late down,gradual down & late down,gradual down & late down | conflict
APBB2,-0.171445393995262,-0.600825292079341,-0.931105664696686,21.19005,14.88079,-18.20765,"['down', 'down', 'down']","['up', 'up', 'down']","['expr_down_acc_up', 'expr_down_acc_up', 'decrease']","[['down', 'up'], ['down', 'up'], ['down', 'down']]","['down/up , expr_down_acc_up', 'down/up , expr_down_acc_up', 'down/down , decrease']","['down/up', 'down/up', 'down/down']",0,1,0,0,0,0,0,0,2,conflict,gradual down,gradual down,gradual down & gradual down,gradual down & gradual down | conflict
NSUN7,1.24576956256307,1.51246171082406,1.92919343366239,4.33976,4.90132,1.47788,"['up', 'up', 'up']","['up', 'up', 'up']","['increase', 'increase', 'increase']","[['up', 'up'], ['up', 'up'], ['up', 'up']]","['up/up , increase', 'up/up , increase', 'up/up , increase']","['up/up', 'up/up', 'up/up']",3,0,0,0,0,0,0,0,0,expr_acc_up,gradual up,late down,gradual up & late down,gradual up & late down | expr_acc_up
RBM47,-1.20104848696376,-0.852352715562072,-0.858593791142353,-4.518880000000001,-3.07788,-2.69314,"['down', 'down', 'down']","['down', 'down', 'down']","['decrease', 'decrease', 'decrease']","[['down', 'down'], ['down', 'down'], ['down', 'down']]","['down/down , decrease', 'down/down , decrease', 'down/down , decrease']","['down/down', 'down/down', 'down/down']",0,3,0,0,0,0,0,0,0,expr_acc_down,flat,gradual up,flat & gradual up,flat & gradual up | expr_acc_down
N4BP2,0.290509320851104,-0.0304033197736455,0.669709090770186,12.04079,-1.2654299999999998,0.3444800000000003,"['up', 'flat', 'up']","['up', 'down', 'up']","['increase', 'acc_only_down', 'increase']","[['up', 'up'], ['flat', 'down'], ['up', 'up']]","['up/up , increase', 'flat/down , acc_only_down', 'up/up , increase']","['up/up', 'flat/down', 'up/up']",2,0,0,0,0,0,1,0,0,mixed,late up,late up,late up & late up,late up & late up | mixed
PDS5A,0.140095130916243,0.378080945548381,0.31520238091573,-3.4543000000000017,-5.853669999999999,2.9376800000000003,"['up', 'up', 'up']","['down', 'down', 'up']","['expr_up_acc_down', 'expr_up_acc_down', 'increase']","[['up', 'down'], ['up', 'down'], ['up', 'up']]","['up/down , expr_up_acc_down', 'up/down , expr_up_acc_down', 'up/up , increase']","['up/down', 'up/down', 'up/up']",1,0,0,0,0,0,0,2,0,conflict,late down,late up,late down & late up,late down & late up | conflict
UBE2K,0.167731639361633,0.250808312343543,0.212707471504852,-1.9223700000000004,4.84145,0.3444800000000003,"['up', 'up', 'up']","['down', 'up', 'up']","['expr_up_acc_down', 'increase', 'increase']","[['up', 'down'], ['up', 'up'], ['up', 'up']]","['up/down , expr_up_acc_down', 'up/up , increase', 'up/up , increase']","['up/down', 'up/up', 'up/up']",2,0,0,0,0,0,0,1,0,mixed,late down,late down,late down & late down,late down & late down | mixed
SMIM14,-0.758004898098066,-0.75264059884286,-1.48990295942706,-16.715599999999995,-13.748300000000004,-19.15071,"['down', 'down', 'down']","['down', 'down', 'down']","['decrease', 'decrease', 'decrease']","[['down', 'down'], ['down', 'down'], ['down', 'down']]","['down/down , decrease', 'down/down , decrease', 'down/down , decrease']","['down/down', 'down/down', 'down/down']",0,3,0,0,0,0,0,0,0,expr_acc_down,flat,late down,flat & late down,flat & late down | expr_acc_down
UGDH,-0.667551501211252,-0.211385954318835,-0.478753662815648,0.4858000000000002,-58.899240000000006,-36.1069,"['down', 'down', 'down']","['up', 'down', 'down']","['expr_down_acc_up', 'decrease', 'decrease']","[['down', 'up'], ['down', 'down'], ['down', 'down']]","['down/up , expr_down_acc_up', 'down/down , decrease', 'down/down , decrease']","['down/up', 'down/down', 'down/down']",0,2,0,0,0,0,0,0,1,mixed,late down,late up,late down & late up,late down & late up | mixed
LIAS,-0.0998594778359925,-0.443066691230022,0.341705379437979,-7.887080000000001,-0.3591999999999999,-8.78647,"['down', 'down', 'up']","['down', 'down', 'down']","['decrease', 'decrease', 'expr_up_acc_down']","[['down', 'down'], ['down', 'down'], ['up', 'down']]","['down/down , decrease', 'down/down , decrease', 'up/down , expr_up_acc_down']","['down/down', 'down/down', 'up/down']",0,2,0,0,0,0,0,1,0,mixed,late up,late down,late up & late down,late up & late down | mixed
RPL9,-0.529288703842467,-0.282690704554344,-0.914360127195977,-0.378919999999999,-4.394899999999998,-9.40314,"['down', 'down', 'down']","['down', 'down', 'down']","['decrease', 'decrease', 'decrease']","[['down', 'down'], ['down', 'down'], ['down', 'down']]","['down/down , decrease', 'down/down , decrease', 'down/down , decrease']","['down/down', 'down/down', 'down/down']",0,3,0,0,0,0,0,0,0,expr_acc_down,late down,gradual down,late down & gradual down,late down & gradual down | expr_acc_down
KLB,0.676732620993261,0.0,2.40177029903983,0.00231,0.1252200000000005,-0.2902599999999999,"['up', 'flat', 'up']","['flat', 'flat', 'down']","['expr_only_up', 'neutral', 'expr_up_acc_down']","[['up', 'flat'], ['flat', 'flat'], ['up', 'down']]","['up/flat , expr_only_up', 'flat/flat , neutral', 'up/down , expr_up_acc_down']","['up/flat', 'flat/flat', 'up/down']",0,0,1,1,0,0,0,1,0,stable,late up,flat,late up & flat,late up & flat | stable
RFC1,-0.239844168355953,0.318984352681276,0.158930714029051,-10.667099999999998,6.59679,0.8431300000000004,"['down', 'up', 'up']","['down', 'up', 'up']","['decrease', 'increase', 'increase']","[['down', 'down'], ['up', 'up'], ['up', 'up']]","['down/down , decrease', 'up/up , increase', 'up/up , increase']","['down/down', 'up/up', 'up/up']",2,1,0,0,0,0,0,0,0,mixed,late down,late down,late down & late down,late down & late down | mixed
WDR19,-0.560049589787313,-1.0442408193383,-1.10625888755969,1.1575899999999997,0.91172,-1.25141,"['down', 'down', 'down']","['up', 'up', 'down']","['expr_down_acc_up', 'expr_down_acc_up', 'decrease']","[['down', 'up'], ['down', 'up'], ['down', 'down']]","['down/up , expr_down_acc_up', 'down/up , expr_down_acc_up', 'down/down , decrease']","['down/up', 'down/up', 'down/down']",0,1,0,0,0,0,0,0,2,conflict,gradual down,gradual down,gradual down & gradual down,gradual down & gradual down | conflict
FAM114A1,-0.550422816249823,-0.968403800198956,-1.48688132101313,2.69872,1.87781,1.1514600000000002,"['down', 'down', 'down']","['up', 'up', 'up']","['expr_down_acc_up', 'expr_down_acc_up', 'expr_down_acc_up']","[['down', 'up'], ['down', 'up'], ['down', 'up']]","['down/up , expr_down_acc_up', 'down/up , expr_down_acc_up', 'down/up , expr_down_acc_up']","['down/up', 'down/up', 'down/up']",0,0,0,0,0,0,0,0,3,conflict,gradual down,gradual down,gradual down & gradual down,gradual down & gradual down | conflict
KLF3,-0.185662302177695,-0.013375099940979,0.153991428867744,23.30766,7.99018,2.7654300000000003,"['down', 'flat', 'up']","['up', 'up', 'up']","['expr_down_acc_up', 'acc_only_up', 'increase']","[['down', 'up'], ['flat', 'up'], ['up', 'up']]","['down/up , expr_down_acc_up', 'flat/up , acc_only_up', 'up/up , increase']","['down/up', 'flat/up', 'up/up']",1,0,0,0,0,1,0,0,1,mixed,gradual up,gradual down,gradual up & gradual down,gradual up & gradual down | mixed
TBC1D1,-0.12419514949309,0.0232183950988528,-0.199072730024786,13.19606,-0.0571200000000002,-11.47955,"['down', 'flat', 'down']","['up', 'flat', 'down']","['expr_down_acc_up', 'neutral', 'decrease']","[['down', 'up'], ['flat', 'flat'], ['down', 'down']]","['down/up , expr_down_acc_up', 'flat/flat , neutral', 'down/down , decrease']","['down/up', 'flat/flat', 'down/down']",0,1,1,0,0,0,0,0,1,mixed,late down,gradual down,late down & gradual down,late down & gradual down | mixed
PGM2,-0.0898523123932017,-0.0218300793064701,0.0203774466267321,1.834,1.6356000000000002,-2.5389699999999995,"['down', 'flat', 'flat']","['up', 'up', 'down']","['expr_down_acc_up', 'acc_only_up', 'acc_only_down']","[['down', 'up'], ['flat', 'up'], ['flat', 'down']]","['down/up , expr_down_acc_up', 'flat/up , acc_only_up', 'flat/down , acc_only_down']","['down/up', 'flat/up', 'flat/down']",0,0,0,0,0,1,1,0,1,accessibility_only,gradual up,flat,gradual up & flat,gradual up & flat | accessibility_only
RELL1,-0.341336663222248,-0.382890462781978,-1.27035462545494,-31.053100000000008,-49.59476,-27.49267,"['down', 'down', 'down']","['down', 'down', 'down']","['decrease', 'decrease', 'decrease']","[['down', 'down'], ['down', 'down'], ['down', 'down']]","['down/down , decrease', 'down/down , decrease', 'down/down , decrease']","['down/down', 'down/down', 'down/down']",0,3,0,0,0,0,0,0,0,expr_acc_down,gradual down,late up,gradual down & late up,gradual down & late up | expr_acc_down
ARAP2,1.23638682496706,1.33730699644542,1.37817558212622,8.76791,1.15393,-0.44442,"['up', 'up', 'up']","['up', 'up', 'down']","['increase', 'increase', 'expr_up_acc_down']","[['up', 'up'], ['up', 'up'], ['up', 'down']]","['up/up , increase', 'up/up , increase', 'up/down , expr_up_acc_down']","['up/up', 'up/up', 'up/down']",2,0,0,0,0,0,0,1,0,mixed,gradual up,gradual down,gradual up & gradual down,gradual up & gradual down | mixed
PCDH7,-0.0288420016760716,0.233224169407175,0.0047279940405659,1.0622699999999998,-0.1768599999999995,1.1514600000000002,"['flat', 'up', 'flat']","['up', 'down', 'up']","['acc_only_up', 'expr_up_acc_down', 'acc_only_up']","[['flat', 'up'], ['up', 'down'], ['flat', 'up']]","['flat/up , acc_only_up', 'up/down , expr_up_acc_down', 'flat/up , acc_only_up']","['flat/up', 'up/down', 'flat/up']",0,0,0,0,0,2,0,1,0,accessibility_only,late down,late up,late down & late up,late down & late up | accessibility_only
STIM2,0.22168917635848,0.465191282195732,0.146745436822822,0.6764099999999997,0.06536,1.3237100000000002,"['up', 'up', 'up']","['up', 'flat', 'up']","['increase', 'expr_only_up', 'increase']","[['up', 'up'], ['up', 'flat'], ['up', 'up']]","['up/up , increase', 'up/flat , expr_only_up', 'up/up , increase']","['up/up', 'up/flat', 'up/up']",2,0,0,1,0,0,0,0,0,mixed,late down,late up,late down & late up,late down & late up | mixed
LOC103246253,1.77278455822888,-1.59648631147327,-1.46857083137365,-15.967,-1.3143000000000011,-7.807219999999999,"['up', 'down', 'down']","['down', 'down', 'down']","['expr_up_acc_down', 'decrease', 'decrease']","[['up', 'down'], ['down', 'down'], ['down', 'down']]","['up/down , expr_up_acc_down', 'down/down , decrease', 'down/down , decrease']","['up/down', 'down/down', 'down/down']",0,2,0,0,0,0,0,1,0,mixed,late up,late down,late up & late down,late up & late down | mixed
TBC1D19,0.540632887800828,-0.15895783606336,-0.0651198056071114,6.6503,1.5812000000000008,-4.28902,"['up', 'down', 'down']","['up', 'up', 'down']","['increase', 'expr_down_acc_up', 'decrease']","[['up', 'up'], ['down', 'up'], ['down', 'down']]","['up/up , increase', 'down/up , expr_down_acc_up', 'down/down , decrease']","['up/up', 'down/up', 'down/down']",1,1,0,0,0,0,0,0,1,mixed,late up,gradual down,late up & gradual down,late up & gradual down | mixed
RBPJ,-0.0728413451081789,0.0570860392927078,0.197008303734071,-0.7671000000000001,13.06562,-0.1360899999999998,"['down', 'up', 'up']","['down', 'up', 'flat']","['decrease', 'increase', 'expr_only_up']","[['down', 'down'], ['up', 'up'], ['up', 'flat']]","['down/down , decrease', 'up/up , increase', 'up/flat , expr_only_up']","['down/down', 'up/up', 'up/flat']",1,1,0,1,0,0,0,0,0,mixed,gradual up,late down,gradual up & late down,gradual up & late down | mixed
LOC103246260,2.19838461608216,2.76421525527341,2.40198013756041,7.517329999999999,-5.0589,2.148760000000001,"['up', 'up', 'up']","['up', 'down', 'up']","['increase', 'expr_up_acc_down', 'increase']","[['up', 'up'], ['up', 'down'], ['up', 'up']]","['up/up , increase', 'up/down , expr_up_acc_down', 'up/up , increase']","['up/up', 'up/down', 'up/up']",2,0,0,0,0,0,0,1,0,mixed,late down,late up,late down & late up,late down & late up | mixed
SMIM20,-0.690883599508859,-0.347251565437704,-1.0517149314881,-0.9600300000000002,0.2449499999999997,-0.1180199999999995,"['down', 'down', 'down']","['down', 'up', 'flat']","['decrease', 'expr_down_acc_up', 'expr_only_down']","[['down', 'down'], ['down', 'up'], ['down', 'flat']]","['down/down , decrease', 'down/up , expr_down_acc_up', 'down/flat , expr_only_down']","['down/down', 'down/up', 'down/flat']",0,1,0,0,1,0,0,0,1,mixed,late down,late down,late down & late down,late down & late down | mixed
LOC103246264,1.67721317503973,-2.31989954509071,0.369579031910479,-10.5788,-8.32736,-5.09601,"['up', 'down', 'up']","['down', 'down', 'down']","['expr_up_acc_down', 'decrease', 'expr_up_acc_down']","[['up', 'down'], ['down', 'down'], ['up', 'down']]","['up/down , expr_up_acc_down', 'down/down , decrease', 'up/down , expr_up_acc_down']","['up/down', 'down/down', 'up/down']",0,1,0,0,0,0,0,2,0,conflict,late up,gradual up,late up & gradual up,late up & gradual up | conflict
SEL1L3,-0.325674756970666,-0.930245871498763,-1.3053547170283,0.4834899999999997,-9.4813,-1.5778199999999996,"['down', 'down', 'down']","['up', 'down', 'down']","['expr_down_acc_up', 'decrease', 'decrease']","[['down', 'up'], ['down', 'down'], ['down', 'down']]","['down/up , expr_down_acc_up', 'down/down , decrease', 'down/down , decrease']","['down/up', 'down/down', 'down/down']",0,2,0,0,0,0,0,0,1,mixed,gradual down,late up,gradual down & late up,gradual down & late up | mixed
ANAPC4,0.236607815112521,0.142774490782399,0.20797045628772,-36.08549,4.35703,-22.24257,"['up', 'up', 'up']","['down', 'up', 'down']","['expr_up_acc_down', 'increase', 'expr_up_acc_down']","[['up', 'down'], ['up', 'up'], ['up', 'down']]","['up/down , expr_up_acc_down', 'up/up , increase', 'up/down , expr_up_acc_down']","['up/down', 'up/up', 'up/down']",1,0,0,0,0,0,0,2,0,conflict,late up,late down,late up & late down,late up & late down | conflict
ZCCHC4,0.420828684534715,0.704156956916214,0.947606047660954,0.4858000000000002,1.5158799999999997,-0.6166699999999996,"['up', 'up', 'up']","['up', 'up', 'down']","['increase', 'increase', 'expr_up_acc_down']","[['up', 'up'], ['up', 'up'], ['up', 'down']]","['up/up , increase', 'up/up , increase', 'up/down , expr_up_acc_down']","['up/up', 'up/up', 'up/down']",2,0,0,0,0,0,0,1,0,mixed,gradual up,late down,gradual up & late down,gradual up & late down | mixed
PI4K2B,0.439224378177145,0.427121396529452,-0.0459373407226819,-3.55649,1.2764100000000005,1.3237100000000002,"['up', 'up', 'down']","['down', 'up', 'up']","['expr_up_acc_down', 'increase', 'expr_down_acc_up']","[['up', 'down'], ['up', 'up'], ['down', 'up']]","['up/down , expr_up_acc_down', 'up/up , increase', 'down/up , expr_down_acc_up']","['up/down', 'up/up', 'down/up']",1,0,0,0,0,0,0,1,1,conflict,flat,flat,flat & flat,flat & flat | conflict
SEPSECS,0.687882449761631,0.449073962743238,0.300283234002857,-17.89629,-6.6374200000000005,-9.72952,"['up', 'up', 'up']","['down', 'down', 'down']","['expr_up_acc_down', 'expr_up_acc_down', 'expr_up_acc_down']","[['up', 'down'], ['up', 'down'], ['up', 'down']]","['up/down , expr_up_acc_down', 'up/down , expr_up_acc_down', 'up/down , expr_up_acc_down']","['up/down', 'up/down', 'up/down']",0,0,0,0,0,0,0,3,0,conflict,gradual down,late down,gradual down & late down,gradual down & late down | conflict
CCDC149,0.0936133510969499,-0.181148919430687,0.0648267128602404,5.011550000000001,-5.01007,-1.25141,"['up', 'down', 'up']","['up', 'down', 'down']","['increase', 'decrease', 'expr_up_acc_down']","[['up', 'up'], ['down', 'down'], ['up', 'down']]","['up/up , increase', 'down/down , decrease', 'up/down , expr_up_acc_down']","['up/up', 'down/down', 'up/down']",1,1,0,0,0,0,0,1,0,mixed,late up,late up,late up & late up,late up & late up | mixed
SOD3,-2.07707935352865,-3.62759998474707,-7.00770414689352,1.0622699999999998,0.9715900000000004,0.5167299999999999,"['down', 'down', 'down']","['up', 'up', 'up']","['expr_down_acc_up', 'expr_down_acc_up', 'expr_down_acc_up']","[['down', 'up'], ['down', 'up'], ['down', 'up']]","['down/up , expr_down_acc_up', 'down/up , expr_down_acc_up', 'down/up , expr_down_acc_up']","['down/up', 'down/up', 'down/up']",0,0,0,0,0,0,0,0,3,conflict,gradual down,flat,gradual down & flat,gradual down & flat | conflict
DHX15,0.125107442506525,0.0271977209134006,0.128910391585982,-0.1721000000000003,-10.3793,-15.49642,"['up', 'flat', 'up']","['flat', 'down', 'down']","['expr_only_up', 'acc_only_down', 'expr_up_acc_down']","[['up', 'flat'], ['flat', 'down'], ['up', 'down']]","['up/flat , expr_only_up', 'flat/down , acc_only_down', 'up/down , expr_up_acc_down']","['up/flat', 'flat/down', 'up/down']",0,0,0,1,0,0,1,1,0,expression_only,late up,gradual down,late up & gradual down,late up & gradual down | expression_only
PPARGC1A,-0.823120770974963,-1.58728229402247,-2.53242279439973,12.71489,-6.452300000000001,-12.78519,"['down', 'down', 'down']","['up', 'down', 'down']","['expr_down_acc_up', 'decrease', 'decrease']","[['down', 'up'], ['down', 'down'], ['down', 'down']]","['down/up , expr_down_acc_up', 'down/down , decrease', 'down/down , decrease']","['down/up', 'down/down', 'down/down']",0,2,0,0,0,0,0,0,1,mixed,gradual down,gradual down,gradual down & gradual down,gradual down & gradual down | mixed
LOC103246280,1.41068167158021,2.05315127089005,-1.49453655284534,2.41048,3.75288,-3.65429,"['up', 'up', 'down']","['up', 'up', 'down']","['increase', 'increase', 'decrease']","[['up', 'up'], ['up', 'up'], ['down', 'down']]","['up/up , increase', 'up/up , increase', 'down/down , decrease']","['up/up', 'up/up', 'down/down']",2,1,0,0,0,0,0,0,0,mixed,late down,late down,late down & late down,late down & late down | mixed
GPR125,-0.582197325022612,-0.713955487028402,-1.12620880105296,-0.0929999999999999,2.54457,-1.88615,"['down', 'down', 'down']","['flat', 'up', 'down']","['expr_only_down', 'expr_down_acc_up', 'decrease']","[['down', 'flat'], ['down', 'up'], ['down', 'down']]","['down/flat , expr_only_down', 'down/up , expr_down_acc_up', 'down/down , decrease']","['down/flat', 'down/up', 'down/down']",0,1,0,0,1,0,0,0,1,mixed,gradual down,late down,gradual down & late down,gradual down & late down | mixed
KCNIP4,1.16291722930084,4.29042816693112,4.4123331196878,1.35051,1.7580800000000003,1.95845,"['up', 'up', 'up']","['up', 'up', 'up']","['increase', 'increase', 'increase']","[['up', 'up'], ['up', 'up'], ['up', 'up']]","['up/up , increase', 'up/up , increase', 'up/up , increase']","['up/up', 'up/up', 'up/up']",3,0,0,0,0,0,0,0,0,expr_acc_up,gradual up,gradual up,gradual up & gradual up,gradual up & gradual up | expr_acc_up
PACRGL,0.151481161400818,0.339897779710911,0.20236417411078,-4.219000000000001,6.41442,-8.441939999999999,"['up', 'up', 'up']","['down', 'up', 'down']","['expr_up_acc_down', 'increase', 'expr_up_acc_down']","[['up', 'down'], ['up', 'up'], ['up', 'down']]","['up/down , expr_up_acc_down', 'up/up , increase', 'up/down , expr_up_acc_down']","['up/down', 'up/up', 'up/down']",1,0,0,0,0,0,0,2,0,conflict,late down,late down,late down & late down,late down & late down | conflict
SLIT2,1.30088170119337,1.26609765543967,0.849273364173167,1.83169,-1.62736,1.47788,"['up', 'up', 'up']","['up', 'down', 'up']","['increase', 'expr_up_acc_down', 'increase']","[['up', 'up'], ['up', 'down'], ['up', 'up']]","['up/up , increase', 'up/down , expr_up_acc_down', 'up/up , increase']","['up/up', 'up/down', 'up/up']",2,0,0,0,0,0,0,1,0,mixed,gradual down,late up,gradual down & late up,gradual down & late up | mixed
LCORL,0.692212495689708,0.990660290352882,1.3821998620754,-20.9416,-57.63113,2.97378,"['up', 'up', 'up']","['down', 'down', 'up']","['expr_up_acc_down', 'expr_up_acc_down', 'increase']","[['up', 'down'], ['up', 'down'], ['up', 'up']]","['up/down , expr_up_acc_down', 'up/down , expr_up_acc_down', 'up/up , increase']","['up/down', 'up/down', 'up/up']",1,0,0,0,0,0,0,2,0,conflict,gradual up,late up,gradual up & late up,gradual up & late up | conflict
NCAPG,0.100441954116221,0.679484508716761,0.591433435641755,13.96548,-10.56442,-5.077939999999999,"['up', 'up', 'up']","['up', 'down', 'down']","['increase', 'expr_up_acc_down', 'expr_up_acc_down']","[['up', 'up'], ['up', 'down'], ['up', 'down']]","['up/up , increase', 'up/down , expr_up_acc_down', 'up/down , expr_up_acc_down']","['up/up', 'up/down', 'up/down']",1,0,0,0,0,0,0,2,0,conflict,late down,late up,late down & late up,late down & late up | conflict
DCAF16,-0.195332184449783,-0.311107926793299,-0.294611199853121,-30.281400000000005,-13.9767,-34.39294,"['down', 'down', 'down']","['down', 'down', 'down']","['decrease', 'decrease', 'decrease']","[['down', 'down'], ['down', 'down'], ['down', 'down']]","['down/down , decrease', 'down/down , decrease', 'down/down , decrease']","['down/down', 'down/down', 'down/down']",0,3,0,0,0,0,0,0,0,expr_acc_down,flat,late down,flat & late down,flat & late down | expr_acc_down
FAM184B,1.36898183284072,1.86573128739626,-0.260439202419695,-1.9223700000000004,-0.66127,-1.0972399999999998,"['up', 'up', 'down']","['down', 'down', 'down']","['expr_up_acc_down', 'expr_up_acc_down', 'decrease']","[['up', 'down'], ['up', 'down'], ['down', 'down']]","['up/down , expr_up_acc_down', 'up/down , expr_up_acc_down', 'down/down , decrease']","['up/down', 'up/down', 'down/down']",0,1,0,0,0,0,0,2,0,conflict,late down,late down,late down & late down,late down & late down | conflict
MED28,-0.0356566654769727,-0.0864151778745514,0.288542097929409,5.49272,0.91172,0.67089,"['down', 'down', 'up']","['up', 'up', 'up']","['expr_down_acc_up', 'expr_down_acc_up', 'increase']","[['down', 'up'], ['down', 'up'], ['up', 'up']]","['down/up , expr_down_acc_up', 'down/up , expr_down_acc_up', 'up/up , increase']","['down/up', 'down/up', 'up/up']",1,0,0,0,0,0,0,0,2,conflict,late up,gradual down,late up & gradual down,late up & gradual down | conflict
LAP3,-0.502238708188924,-0.184911261423284,-0.864703103848144,1.7363799999999996,-0.66127,7.12678,"['down', 'down', 'down']","['up', 'down', 'up']","['expr_down_acc_up', 'decrease', 'expr_down_acc_up']","[['down', 'up'], ['down', 'down'], ['down', 'up']]","['down/up , expr_down_acc_up', 'down/down , decrease', 'down/up , expr_down_acc_up']","['down/up', 'down/down', 'down/up']",0,1,0,0,0,0,0,0,2,conflict,late down,late up,late down & late up,late down & late up | conflict
QDPR,-0.472126978059611,-0.547445290085034,-1.15230088401026,3.1844900000000003,2.42484,-2.1944799999999995,"['down', 'down', 'down']","['up', 'up', 'down']","['expr_down_acc_up', 'expr_down_acc_up', 'decrease']","[['down', 'up'], ['down', 'up'], ['down', 'down']]","['down/up , expr_down_acc_up', 'down/up , expr_down_acc_up', 'down/down , decrease']","['down/up', 'down/up', 'down/down']",0,1,0,0,0,0,0,0,2,conflict,gradual down,gradual down,gradual down & gradual down,gradual down & gradual down | conflict
BST1,0.037701744062989,-0.0555863789098346,-0.533750146696273,4.5281,-7.668899999999999,3.5724100000000005,"['up', 'down', 'down']","['up', 'down', 'up']","['increase', 'decrease', 'expr_down_acc_up']","[['up', 'up'], ['down', 'down'], ['down', 'up']]","['up/up , increase', 'down/down , decrease', 'down/up , expr_down_acc_up']","['up/up', 'down/down', 'down/up']",1,1,0,0,0,0,0,0,1,mixed,gradual down,late up,gradual down & late up,gradual down & late up | mixed
FAM200B,-0.31369498375164,-0.0941866444781415,-0.245113336440896,-75.53917999999999,-31.9843,-30.7663,"['down', 'down', 'down']","['down', 'down', 'down']","['decrease', 'decrease', 'decrease']","[['down', 'down'], ['down', 'down'], ['down', 'down']]","['down/down , decrease', 'down/down , decrease', 'down/down , decrease']","['down/down', 'down/down', 'down/down']",0,3,0,0,0,0,0,0,0,expr_acc_down,late down,gradual up,late down & gradual up,late down & gradual up | expr_acc_down
FBXL5,0.752846224475692,0.660785722634727,1.25354735253843,5.20448,5.87016,3.0918400000000004,"['up', 'up', 'up']","['up', 'up', 'up']","['increase', 'increase', 'increase']","[['up', 'up'], ['up', 'up'], ['up', 'up']]","['up/up , increase', 'up/up , increase', 'up/up , increase']","['up/up', 'up/up', 'up/up']",3,0,0,0,0,0,0,0,0,expr_acc_up,late up,late down,late up & late down,late up & late down | expr_acc_up
CC2D2A,0.129359569369755,0.0952332742177646,-0.133654125341075,-0.7671000000000001,6.23209,2.9376800000000003,"['up', 'up', 'down']","['down', 'up', 'up']","['expr_up_acc_down', 'increase', 'expr_down_acc_up']","[['up', 'down'], ['up', 'up'], ['down', 'up']]","['up/down , expr_up_acc_down', 'up/up , increase', 'down/up , expr_down_acc_up']","['up/down', 'up/up', 'down/up']",1,0,0,0,0,0,0,1,1,conflict,gradual down,late down,gradual down & late down,gradual down & late down | conflict
LOC103246329,2.98170099252169,2.33662626089045,2.77317106496499,3.951610000000001,-6.15305,-2.05839,"['up', 'up', 'up']","['up', 'down', 'down']","['increase', 'expr_up_acc_down', 'expr_up_acc_down']","[['up', 'up'], ['up', 'down'], ['up', 'down']]","['up/up , increase', 'up/down , expr_up_acc_down', 'up/down , expr_up_acc_down']","['up/up', 'up/down', 'up/down']",1,0,0,0,0,0,0,2,0,conflict,late up,late up,late up & late up,late up & late up | conflict
CPEB2,1.54919350558208,1.98210229569921,2.30255789184723,1.352829999999999,3.2086,-0.1360899999999998,"['up', 'up', 'up']","['up', 'up', 'flat']","['increase', 'increase', 'expr_only_up']","[['up', 'up'], ['up', 'up'], ['up', 'flat']]","['up/up , increase', 'up/up , increase', 'up/flat , expr_only_up']","['up/up', 'up/up', 'up/flat']",2,0,0,1,0,0,0,0,0,mixed,gradual up,late down,gradual up & late down,gradual up & late down | mixed
LOC103246349,0.76774309612795,1.88849293052065,0.382083159069185,2.41048,2.96638,-3.98069,"['up', 'up', 'up']","['up', 'up', 'down']","['increase', 'increase', 'expr_up_acc_down']","[['up', 'up'], ['up', 'up'], ['up', 'down']]","['up/up , increase', 'up/up , increase', 'up/down , expr_up_acc_down']","['up/up', 'up/up', 'up/down']",2,0,0,0,0,0,0,1,0,mixed,late down,late down,late down & late down,late down & late down | mixed
NKX3-2,1.27603627174792,1.68420076555447,0.694863451243109,2.41048,-1.3252900000000003,-0.1360899999999998,"['up', 'up', 'up']","['up', 'down', 'flat']","['increase', 'expr_up_acc_down', 'expr_only_up']","[['up', 'up'], ['up', 'down'], ['up', 'flat']]","['up/up , increase', 'up/down , expr_up_acc_down', 'up/flat , expr_only_up']","['up/up', 'up/down', 'up/flat']",1,0,0,1,0,0,0,1,0,mixed,late down,late up,late down & late up,late down & late up | mixed
RAB28,0.363063008274707,0.484974336307863,0.142238247432272,-42.91488,-17.0223,-9.711470000000002,"['up', 'up', 'up']","['down', 'down', 'down']","['expr_up_acc_down', 'expr_up_acc_down', 'expr_up_acc_down']","[['up', 'down'], ['up', 'down'], ['up', 'down']]","['up/down , expr_up_acc_down', 'up/down , expr_up_acc_down', 'up/down , expr_up_acc_down']","['up/down', 'up/down', 'up/down']",0,0,0,0,0,0,0,3,0,conflict,late down,gradual up,late down & gradual up,late down & gradual up | conflict
HS3ST1,-0.657430422751985,-1.22773448777429,-2.10085175798272,-1.6156000000000006,-12.246199999999998,-5.059889999999999,"['down', 'down', 'down']","['down', 'down', 'down']","['decrease', 'decrease', 'decrease']","[['down', 'down'], ['down', 'down'], ['down', 'down']]","['down/down , decrease', 'down/down , decrease', 'down/down , decrease']","['down/down', 'down/down', 'down/down']",0,3,0,0,0,0,0,0,0,expr_acc_down,gradual down,late up,gradual down & late up,gradual down & late up | expr_acc_down
LOC103246543,-0.737040558059465,-3.86862664255654,-2.21030685587301,-1.6156000000000006,-12.246199999999998,-5.059889999999999,"['down', 'down', 'down']","['down', 'down', 'down']","['decrease', 'decrease', 'decrease']","[['down', 'down'], ['down', 'down'], ['down', 'down']]","['down/down , decrease', 'down/down , decrease', 'down/down , decrease']","['down/down', 'down/down', 'down/down']",0,3,0,0,0,0,0,0,0,expr_acc_down,late up,late up,late up & late up,late up & late up | expr_acc_down
ZNF518B,0.20189464704928,0.685500014839524,0.658198903366956,-1.2482700000000009,-3.68203,-2.5389699999999995,"['up', 'up', 'up']","['down', 'down', 'down']","['expr_up_acc_down', 'expr_up_acc_down', 'expr_up_acc_down']","[['up', 'down'], ['up', 'down'], ['up', 'down']]","['up/down , expr_up_acc_down', 'up/down , expr_up_acc_down', 'up/down , expr_up_acc_down']","['up/down', 'up/down', 'up/down']",0,0,0,0,0,0,0,3,0,conflict,flat,late up,flat & late up,flat & late up | conflict
WDR1,-0.842580404396992,-1.47190243755163,-1.98137843970375,-7.789380000000001,-3.61941,-0.9249999999999998,"['down', 'down', 'down']","['down', 'down', 'down']","['decrease', 'decrease', 'decrease']","[['down', 'down'], ['down', 'down'], ['down', 'down']]","['down/down , decrease', 'down/down , decrease', 'down/down , decrease']","['down/down', 'down/down', 'down/down']",0,3,0,0,0,0,0,0,0,expr_acc_down,gradual down,gradual up,gradual down & gradual up,gradual down & gradual up | expr_acc_down
SLC2A9,1.42429788058026,0.504289307184393,0.0,-0.47886,-1.0232100000000002,0.3444800000000003,"['up', 'up', 'flat']","['down', 'down', 'up']","['expr_up_acc_down', 'expr_up_acc_down', 'acc_only_up']","[['up', 'down'], ['up', 'down'], ['flat', 'up']]","['up/down , expr_up_acc_down', 'up/down , expr_up_acc_down', 'flat/up , acc_only_up']","['up/down', 'up/down', 'flat/up']",0,0,0,0,0,1,0,2,0,conflict,gradual down,late up,gradual down & late up,gradual down & late up | conflict
TMEM128,0.596475500035201,0.356451282576198,0.123872187623014,6.26444,3.0289899999999994,-1.5778199999999996,"['up', 'up', 'up']","['up', 'up', 'down']","['increase', 'increase', 'expr_up_acc_down']","[['up', 'up'], ['up', 'up'], ['up', 'down']]","['up/up , increase', 'up/up , increase', 'up/down , expr_up_acc_down']","['up/up', 'up/up', 'up/down']",2,0,0,0,0,0,0,1,0,mixed,gradual down,gradual down,gradual down & gradual down,gradual down & gradual down | mixed
LOC103246376,1.99292699289366,0.695515730516014,2.44989226643937,6.26444,3.0289899999999994,0.8431300000000004,"['up', 'up', 'up']","['up', 'up', 'up']","['increase', 'increase', 'increase']","[['up', 'up'], ['up', 'up'], ['up', 'up']]","['up/up , increase', 'up/up , increase', 'up/up , increase']","['up/up', 'up/up', 'up/up']",3,0,0,0,0,0,0,0,0,expr_acc_up,late up,gradual down,late up & gradual down,late up & gradual down | expr_acc_up
LOC103246546,1.02605604204172,0.723085346799703,1.36901168063332,2.50579,-0.2938399999999994,6.492050000000001,"['up', 'up', 'up']","['up', 'down', 'up']","['increase', 'expr_up_acc_down', 'increase']","[['up', 'up'], ['up', 'down'], ['up', 'up']]","['up/up , increase', 'up/down , expr_up_acc_down', 'up/up , increase']","['up/up', 'up/down', 'up/up']",2,0,0,0,0,0,0,1,0,mixed,late up,late up,late up & late up,late up & late up | mixed
LOC103246379,0.61406300267842,0.0575267906514848,0.393337272596993,2.41048,0.8518499999999998,0.3625600000000002,"['up', 'up', 'up']","['up', 'up', 'up']","['increase', 'increase', 'increase']","[['up', 'up'], ['up', 'up'], ['up', 'up']]","['up/up , increase', 'up/up , increase', 'up/up , increase']","['up/up', 'up/up', 'up/up']",3,0,0,0,0,0,0,0,0,expr_acc_up,late up,gradual down,late up & gradual down,late up & gradual down | expr_acc_up
LYAR,0.12220230785059,0.99871717060907,0.512223336561328,6.64799,9.43799,-12.30459,"['up', 'up', 'up']","['up', 'up', 'down']","['increase', 'increase', 'expr_up_acc_down']","[['up', 'up'], ['up', 'up'], ['up', 'down']]","['up/up , increase', 'up/up , increase', 'up/down , expr_up_acc_down']","['up/up', 'up/up', 'up/down']",2,0,0,0,0,0,0,1,0,mixed,late down,late down,late down & late down,late down & late down | mixed
ZBTB49,1.09319607492443,0.763352688304699,1.21890081388852,7.12916,4.90686,-9.88364,"['up', 'up', 'up']","['up', 'up', 'down']","['increase', 'increase', 'expr_up_acc_down']","[['up', 'up'], ['up', 'up'], ['up', 'down']]","['up/up , increase', 'up/up , increase', 'up/down , expr_up_acc_down']","['up/up', 'up/up', 'up/down']",2,0,0,0,0,0,0,1,0,mixed,late up,gradual down,late up & gradual down,late up & gradual down | mixed
LOC103246386,-0.362861427895307,-0.5163513503976,-1.08083363900177,1.450429999999999,1.15393,-4.28902,"['down', 'down', 'down']","['up', 'up', 'down']","['expr_down_acc_up', 'expr_down_acc_up', 'decrease']","[['down', 'up'], ['down', 'up'], ['down', 'down']]","['down/up , expr_down_acc_up', 'down/up , expr_down_acc_up', 'down/down , decrease']","['down/up', 'down/up', 'down/down']",0,1,0,0,0,0,0,0,2,conflict,gradual down,gradual down,gradual down & gradual down,gradual down & gradual down | conflict
STX18,-0.437220823093779,-0.114752700539459,-0.102314020333418,-0.9600300000000002,22.74302,-13.22959,"['down', 'down', 'down']","['down', 'up', 'down']","['decrease', 'expr_down_acc_up', 'decrease']","[['down', 'down'], ['down', 'up'], ['down', 'down']]","['down/down , decrease', 'down/up , expr_down_acc_up', 'down/down , decrease']","['down/down', 'down/up', 'down/down']",0,2,0,0,0,0,0,0,1,mixed,flat,late down,flat & late down,flat & late down | mixed
LOC103246383,2.52509080375148,2.06647260510153,2.40227593438216,-20.6603,22.74302,-13.22959,"['up', 'up', 'up']","['down', 'up', 'down']","['expr_up_acc_down', 'increase', 'expr_up_acc_down']","[['up', 'down'], ['up', 'up'], ['up', 'down']]","['up/down , expr_up_acc_down', 'up/up , increase', 'up/down , expr_up_acc_down']","['up/down', 'up/up', 'up/down']",1,0,0,0,0,0,0,2,0,conflict,late up,late down,late up & late down,late up & late down | conflict
MSX1,0.693162504914362,1.24878517449336,0.835134324253567,3.670399999999999,11.67494,-2.05839,"['up', 'up', 'up']","['up', 'up', 'down']","['increase', 'increase', 'expr_up_acc_down']","[['up', 'up'], ['up', 'up'], ['up', 'down']]","['up/up , increase', 'up/up , increase', 'up/down , expr_up_acc_down']","['up/up', 'up/up', 'up/down']",2,0,0,0,0,0,0,1,0,mixed,late down,late down,late down & late down,late down & late down | mixed
STK32B,-0.317746859136134,-0.884974175527258,-1.18036730456256,-4.997669999999999,-9.66094,-7.154349999999999,"['down', 'down', 'down']","['down', 'down', 'down']","['decrease', 'decrease', 'decrease']","[['down', 'down'], ['down', 'down'], ['down', 'down']]","['down/down , decrease', 'down/down , decrease', 'down/down , decrease']","['down/down', 'down/down', 'down/down']",0,3,0,0,0,0,0,0,0,expr_acc_down,gradual down,late up,gradual down & late up,gradual down & late up | expr_acc_down
EVC2,0.450116941041162,0.616785067434826,0.85755231104768,-2.88471,1.2736600000000005,1.1514600000000002,"['up', 'up', 'up']","['down', 'up', 'up']","['expr_up_acc_down', 'increase', 'increase']","[['up', 'down'], ['up', 'up'], ['up', 'up']]","['up/down , expr_up_acc_down', 'up/up , increase', 'up/up , increase']","['up/down', 'up/up', 'up/up']",2,0,0,0,0,0,0,1,0,mixed,gradual up,flat,gradual up & flat,gradual up & flat | mixed
EVC,-0.494137023177506,-1.02998213898769,-1.10819140806563,4.530380000000001,1.81795,2.6112600000000006,"['down', 'down', 'down']","['up', 'up', 'up']","['expr_down_acc_up', 'expr_down_acc_up', 'expr_down_acc_up']","[['down', 'up'], ['down', 'up'], ['down', 'up']]","['down/up , expr_down_acc_up', 'down/up , expr_down_acc_up', 'down/up , expr_down_acc_up']","['down/up', 'down/up', 'down/up']",0,0,0,0,0,0,0,0,3,conflict,gradual down,late up,gradual down & late up,gradual down & late up | conflict
CRMP1,1.79904235372573,3.88444934863358,1.963287569075,2.69872,0.1850900000000002,0.5167299999999999,"['up', 'up', 'up']","['up', 'up', 'up']","['increase', 'increase', 'increase']","[['up', 'up'], ['up', 'up'], ['up', 'up']]","['up/up , increase', 'up/up , increase', 'up/up , increase']","['up/up', 'up/up', 'up/up']",3,0,0,0,0,0,0,0,0,expr_acc_up,late down,late up,late down & late up,late down & late up | expr_acc_up
C27H4orf50,0.0,0.0,-0.621171363614644,3.37282,0.2449499999999997,-0.2902599999999999,"['flat', 'flat', 'down']","['up', 'up', 'down']","['acc_only_up', 'acc_only_up', 'decrease']","[['flat', 'up'], ['flat', 'up'], ['down', 'down']]","['flat/up , acc_only_up', 'flat/up , acc_only_up', 'down/down , decrease']","['flat/up', 'flat/up', 'down/down']",0,1,0,0,0,2,0,0,0,accessibility_only,flat,gradual down,flat & gradual down,flat & gradual down | accessibility_only
JAKMIP1,3.12698583265323,0.0,-0.476195489620022,0.00231,0.7293700000000003,-0.6166699999999996,"['up', 'flat', 'down']","['flat', 'up', 'down']","['expr_only_up', 'acc_only_up', 'decrease']","[['up', 'flat'], ['flat', 'up'], ['down', 'down']]","['up/flat , expr_only_up', 'flat/up , acc_only_up', 'down/down , decrease']","['up/flat', 'flat/up', 'down/down']",0,1,0,1,0,1,0,0,0,mixed,gradual down,late down,gradual down & late down,gradual down & late down | mixed
WFS1,-1.03069934472894,-1.61038858345754,-1.67560413791478,-21.6226,-31.5763,3.762750000000001,"['down', 'down', 'down']","['down', 'down', 'up']","['decrease', 'decrease', 'expr_down_acc_up']","[['down', 'down'], ['down', 'down'], ['down', 'up']]","['down/down , decrease', 'down/down , decrease', 'down/up , expr_down_acc_up']","['down/down', 'down/down', 'down/up']",0,2,0,0,0,0,0,0,1,mixed,gradual down,late up,gradual down & late up,gradual down & late up | mixed
PPP2R2C,-0.74745650639929,2.35310237726648,0.791916720225669,-24.14918,-19.38999,-14.70749,"['down', 'up', 'up']","['down', 'down', 'down']","['decrease', 'expr_up_acc_down', 'expr_up_acc_down']","[['down', 'down'], ['up', 'down'], ['up', 'down']]","['down/down , decrease', 'up/down , expr_up_acc_down', 'up/down , expr_up_acc_down']","['down/down', 'up/down', 'up/down']",0,1,0,0,0,0,0,2,0,conflict,late down,gradual up,late down & gradual up,late down & gradual up | conflict
MAN2B2,0.387008547178648,0.176961510805577,0.299848648575645,-5.769380000000001,-4.46578,-5.09601,"['up', 'up', 'up']","['down', 'down', 'down']","['expr_up_acc_down', 'expr_up_acc_down', 'expr_up_acc_down']","[['up', 'down'], ['up', 'down'], ['up', 'down']]","['up/down , expr_up_acc_down', 'up/down , expr_up_acc_down', 'up/down , expr_up_acc_down']","['up/down', 'up/down', 'up/down']",0,0,0,0,0,0,0,3,0,conflict,late up,late down,late up & late down,late up & late down | conflict
MRFAP1,-0.699791877645435,-0.389026484054642,-1.05016527118431,-7.69408,5.568080000000001,-0.5985899999999997,"['down', 'down', 'down']","['down', 'up', 'down']","['decrease', 'expr_down_acc_up', 'decrease']","[['down', 'down'], ['down', 'up'], ['down', 'down']]","['down/down , decrease', 'down/up , expr_down_acc_up', 'down/down , decrease']","['down/down', 'down/up', 'down/down']",0,2,0,0,0,0,0,0,1,mixed,late down,late down,late down & late down,late down & late down | mixed
LOC103246410,-0.353342948194794,-0.302589808815317,-0.501426156289539,-1.5341900000000006,-0.7810100000000002,1.1695400000000005,"['down', 'down', 'down']","['down', 'down', 'up']","['decrease', 'decrease', 'expr_down_acc_up']","[['down', 'down'], ['down', 'down'], ['down', 'up']]","['down/down , decrease', 'down/down , decrease', 'down/up , expr_down_acc_up']","['down/down', 'down/down', 'down/up']",0,2,0,0,0,0,0,0,1,mixed,late down,gradual up,late down & gradual up,late down & gradual up | mixed
MRFAP1L1,-0.195889137085395,-0.291092619989125,0.159169453258176,-0.6671699999999987,-2.83292,-1.88615,"['down', 'down', 'up']","['down', 'down', 'down']","['decrease', 'decrease', 'expr_up_acc_down']","[['down', 'down'], ['down', 'down'], ['up', 'down']]","['down/down , decrease', 'down/down , decrease', 'up/down , expr_up_acc_down']","['down/down', 'down/down', 'up/down']",0,2,0,0,0,0,0,1,0,mixed,late up,late up,late up & late up,late up & late up | mixed
KIAA0232,0.171500724024131,0.203608675756988,0.611734885772604,-10.96699,-1.7470999999999997,-0.5985899999999997,"['up', 'up', 'up']","['down', 'down', 'down']","['expr_up_acc_down', 'expr_up_acc_down', 'expr_up_acc_down']","[['up', 'down'], ['up', 'down'], ['up', 'down']]","['up/down , expr_up_acc_down', 'up/down , expr_up_acc_down', 'up/down , expr_up_acc_down']","['up/down', 'up/down', 'up/down']",0,0,0,0,0,0,0,3,0,conflict,flat,gradual up,flat & gradual up,flat & gradual up | conflict
TBC1D14,0.034616181575964,0.045277586861578,-0.381959033259818,-5.276600000000002,-2.4029000000000007,-12.767139999999998,"['flat', 'up', 'down']","['down', 'down', 'down']","['acc_only_down', 'expr_up_acc_down', 'decrease']","[['flat', 'down'], ['up', 'down'], ['down', 'down']]","['flat/down , acc_only_down', 'up/down , expr_up_acc_down', 'down/down , decrease']","['flat/down', 'up/down', 'down/down']",0,1,0,0,0,0,1,1,0,mixed,flat,late down,flat & late down,flat & late down | mixed
CCDC96,0.665344465456969,1.11684440489179,1.57014098201942,-2.40354,3.3909400000000005,6.3378,"['up', 'up', 'up']","['down', 'up', 'up']","['expr_up_acc_down', 'increase', 'increase']","[['up', 'down'], ['up', 'up'], ['up', 'up']]","['up/down , expr_up_acc_down', 'up/up , increase', 'up/up , increase']","['up/down', 'up/up', 'up/up']",2,0,0,0,0,0,0,1,0,mixed,gradual up,gradual up,gradual up & gradual up,gradual up & gradual up | mixed
TADA2B,0.0863905186036755,0.309847903088263,0.251603848206605,2.7033000000000005,0.2504500000000007,-5.09601,"['up', 'up', 'up']","['up', 'up', 'down']","['increase', 'increase', 'expr_up_acc_down']","[['up', 'up'], ['up', 'up'], ['up', 'down']]","['up/up , increase', 'up/up , increase', 'up/down , expr_up_acc_down']","['up/up', 'up/up', 'up/down']",2,0,0,0,0,0,0,1,0,mixed,late down,gradual down,late down & gradual down,late down & gradual down | mixed
GRPEL1,-0.0243020260639471,0.359785977628718,0.52704730102197,8.107700000000001,1.33352,3.0918400000000004,"['flat', 'up', 'up']","['up', 'up', 'up']","['acc_only_up', 'increase', 'increase']","[['flat', 'up'], ['up', 'up'], ['up', 'up']]","['flat/up , acc_only_up', 'up/up , increase', 'up/up , increase']","['flat/up', 'up/up', 'up/up']",2,0,0,0,0,1,0,0,0,mixed,gradual up,late up,gradual up & late up,gradual up & late up | mixed
LOC103246417,0.770107547056687,-1.60529554409026,1.6172204311846,-6.541190000000001,0.91172,-1.7319899999999997,"['up', 'down', 'up']","['down', 'up', 'down']","['expr_up_acc_down', 'expr_down_acc_up', 'expr_up_acc_down']","[['up', 'down'], ['down', 'up'], ['up', 'down']]","['up/down , expr_up_acc_down', 'down/up , expr_down_acc_up', 'up/down , expr_up_acc_down']","['up/down', 'down/up', 'up/down']",0,0,0,0,0,0,0,2,1,conflict,late up,late down,late up & late down,late up & late down | conflict
SORCS2,-0.55938713192928,-1.9126408055984,-1.61220728170311,0.6764099999999997,-0.4190599999999995,-4.461269999999999,"['down', 'down', 'down']","['up', 'down', 'down']","['expr_down_acc_up', 'decrease', 'decrease']","[['down', 'up'], ['down', 'down'], ['down', 'down']]","['down/up , expr_down_acc_up', 'down/down , decrease', 'down/down , decrease']","['down/up', 'down/down', 'down/down']",0,2,0,0,0,0,0,0,1,mixed,late up,gradual down,late up & gradual down,late up & gradual down | mixed
AFAP1,-0.354572749502287,-0.694792305680999,-0.752339412953826,3.47044,0.7293700000000003,2.6112600000000006,"['down', 'down', 'down']","['up', 'up', 'up']","['expr_down_acc_up', 'expr_down_acc_up', 'expr_down_acc_up']","[['down', 'up'], ['down', 'up'], ['down', 'up']]","['down/up , expr_down_acc_up', 'down/up , expr_down_acc_up', 'down/up , expr_down_acc_up']","['down/up', 'down/up', 'down/up']",0,0,0,0,0,0,0,0,3,conflict,gradual down,late up,gradual down & late up,gradual down & late up | conflict
ABLIM2,-1.74754234123068,1.77863925235453,1.95964542168929,1.7363799999999996,-0.4190599999999995,1.1514600000000002,"['down', 'up', 'up']","['up', 'down', 'up']","['expr_down_acc_up', 'expr_up_acc_down', 'increase']","[['down', 'up'], ['up', 'down'], ['up', 'up']]","['down/up , expr_down_acc_up', 'up/down , expr_up_acc_down', 'up/up , increase']","['down/up', 'up/down', 'up/up']",1,0,0,0,0,0,0,1,1,conflict,gradual up,late up,gradual up & late up,gradual up & late up | conflict
LOC103246426,0.0,0.0,-0.492126251241272,1.83169,-0.0571200000000002,-0.1360899999999998,"['flat', 'flat', 'down']","['up', 'flat', 'flat']","['acc_only_up', 'neutral', 'expr_only_down']","[['flat', 'up'], ['flat', 'flat'], ['down', 'flat']]","['flat/up , acc_only_up', 'flat/flat , neutral', 'down/flat , expr_only_down']","['flat/up', 'flat/flat', 'down/flat']",0,0,1,0,1,1,0,0,0,stable,flat,flat,flat & flat,flat & flat | stable
SH3TC1,2.22494073501481,1.68663668126785,1.76722317174986,-10.67648,-9.535659999999998,-5.0417000000000005,"['up', 'up', 'up']","['down', 'down', 'down']","['expr_up_acc_down', 'expr_up_acc_down', 'expr_up_acc_down']","[['up', 'down'], ['up', 'down'], ['up', 'down']]","['up/down , expr_up_acc_down', 'up/down , expr_up_acc_down', 'up/down , expr_up_acc_down']","['up/down', 'up/down', 'up/down']",0,0,0,0,0,0,0,3,0,conflict,late up,gradual up,late up & gradual up,late up & gradual up | conflict
HTRA3,1.36810043245089,2.05656994216169,3.41263548430364,2.02461,1.09132,0.67089,"['up', 'up', 'up']","['up', 'up', 'up']","['increase', 'increase', 'increase']","[['up', 'up'], ['up', 'up'], ['up', 'up']]","['up/up , increase', 'up/up , increase', 'up/up , increase']","['up/up', 'up/up', 'up/up']",3,0,0,0,0,0,0,0,0,expr_acc_up,gradual up,gradual down,gradual up & gradual down,gradual up & gradual down | expr_acc_up
ACOX3,0.620308306442678,0.288216003437999,0.418388236849023,0.6764099999999997,0.1850900000000002,-0.7708399999999997,"['up', 'up', 'up']","['up', 'up', 'down']","['increase', 'increase', 'expr_up_acc_down']","[['up', 'up'], ['up', 'up'], ['up', 'down']]","['up/up , increase', 'up/up , increase', 'up/down , expr_up_acc_down']","['up/up', 'up/up', 'up/down']",2,0,0,0,0,0,0,1,0,mixed,late up,gradual down,late up & gradual down,late up & gradual down | mixed
TRMT44,0.475315619794044,0.766852317908633,1.09295476900365,1.1692,1.0995999999999988,-7.32662,"['up', 'up', 'up']","['up', 'up', 'down']","['increase', 'increase', 'expr_up_acc_down']","[['up', 'up'], ['up', 'up'], ['up', 'down']]","['up/up , increase', 'up/up , increase', 'up/down , expr_up_acc_down']","['up/up', 'up/up', 'up/down']",2,0,0,0,0,0,0,1,0,mixed,gradual up,flat,gradual up & flat,gradual up & flat | mixed
GPR78,1.31223345592016,-0.814599441345479,-0.492214930772196,0.5811000000000002,-0.9633499999999996,-4.13486,"['up', 'down', 'down']","['up', 'down', 'down']","['increase', 'decrease', 'decrease']","[['up', 'up'], ['down', 'down'], ['down', 'down']]","['up/up , increase', 'down/down , decrease', 'down/down , decrease']","['up/up', 'down/down', 'down/down']",1,2,0,0,0,0,0,0,0,mixed,late up,gradual down,late up & gradual down,late up & gradual down | mixed
LRPAP1,-0.430019288294986,-0.405215508255771,-1.55029391076902,-8.633299999999998,-13.625799999999998,-21.8438,"['down', 'down', 'down']","['down', 'down', 'down']","['decrease', 'decrease', 'decrease']","[['down', 'down'], ['down', 'down'], ['down', 'down']]","['down/down , decrease', 'down/down , decrease', 'down/down , decrease']","['down/down', 'down/down', 'down/down']",0,3,0,0,0,0,0,0,0,expr_acc_down,flat,gradual down,flat & gradual down,flat & gradual down | expr_acc_down
LOC103246444,0.0,3.2422344934433,2.41056584699718,1.83169,2.6044500000000004,-1.40557,"['flat', 'up', 'up']","['up', 'up', 'down']","['acc_only_up', 'increase', 'expr_up_acc_down']","[['flat', 'up'], ['up', 'up'], ['up', 'down']]","['flat/up , acc_only_up', 'up/up , increase', 'up/down , expr_up_acc_down']","['flat/up', 'up/up', 'up/down']",1,0,0,0,0,1,0,1,0,mixed,late down,late down,late down & late down,late down & late down | mixed
DOK7,1.05879974202454,-0.410507382609441,2.54451117577426,0.5811000000000002,1.81795,-2.0403199999999995,"['up', 'down', 'up']","['up', 'up', 'down']","['increase', 'expr_down_acc_up', 'expr_up_acc_down']","[['up', 'up'], ['down', 'up'], ['up', 'down']]","['up/up , increase', 'down/up , expr_down_acc_up', 'up/down , expr_up_acc_down']","['up/up', 'down/up', 'up/down']",1,0,0,0,0,0,0,1,1,conflict,late up,late down,late up & late down,late up & late down | conflict
HGFAC,0.816297534333913,-1.04037943750122,0.971945025294684,0.6764099999999997,1.63835,-2.52089,"['up', 'down', 'up']","['up', 'up', 'down']","['increase', 'expr_down_acc_up', 'expr_up_acc_down']","[['up', 'up'], ['down', 'up'], ['up', 'down']]","['up/up , increase', 'down/up , expr_down_acc_up', 'up/down , expr_up_acc_down']","['up/up', 'down/up', 'up/down']",1,0,0,0,0,0,0,1,1,conflict,late up,late down,late up & late down,late up & late down | conflict
LOC103246533,-0.11415184993438,0.113100751768112,0.641621662885567,1.54344,-1.0830799999999998,-0.6166699999999996,"['down', 'up', 'up']","['up', 'down', 'down']","['expr_down_acc_up', 'expr_up_acc_down', 'expr_up_acc_down']","[['down', 'up'], ['up', 'down'], ['up', 'down']]","['down/up , expr_down_acc_up', 'up/down , expr_up_acc_down', 'up/down , expr_up_acc_down']","['down/up', 'up/down', 'up/down']",0,0,0,0,0,0,0,2,1,conflict,gradual up,late up,gradual up & late up,gradual up & late up | conflict
LOC103246446,0.0706969069508511,-0.109282440520179,0.266886606301169,1.54344,-0.5387899999999997,-0.6166699999999996,"['up', 'down', 'up']","['up', 'down', 'down']","['increase', 'decrease', 'expr_up_acc_down']","[['up', 'up'], ['down', 'down'], ['up', 'down']]","['up/up , increase', 'down/down , decrease', 'up/down , expr_up_acc_down']","['up/up', 'down/down', 'up/down']",1,1,0,0,0,0,0,1,0,mixed,late up,flat,late up & flat,late up & flat | mixed
MSANTD1,2.95759654748044,3.80909708468641,2.83795347386366,-0.2859300000000004,0.91172,-1.0972399999999998,"['up', 'up', 'up']","['down', 'up', 'down']","['expr_up_acc_down', 'increase', 'expr_up_acc_down']","[['up', 'down'], ['up', 'up'], ['up', 'down']]","['up/down , expr_up_acc_down', 'up/up , increase', 'up/down , expr_up_acc_down']","['up/down', 'up/up', 'up/down']",1,0,0,0,0,0,0,2,0,conflict,late down,late down,late down & late down,late down & late down | conflict
HTT,0.260862966251399,0.0881319416325654,0.24883182009495,0.4834899999999997,0.4871699999999999,0.67089,"['up', 'up', 'up']","['up', 'up', 'up']","['increase', 'increase', 'increase']","[['up', 'up'], ['up', 'up'], ['up', 'up']]","['up/up , increase', 'up/up , increase', 'up/up , increase']","['up/up', 'up/up', 'up/up']",3,0,0,0,0,0,0,0,0,expr_acc_up,late up,flat,late up & flat,late up & flat | expr_acc_up
GRK4,1.6337826212565,1.66590343256769,1.78631481331238,2.89165,-0.0571200000000002,0.1903100000000002,"['up', 'up', 'up']","['up', 'flat', 'up']","['increase', 'expr_only_up', 'increase']","[['up', 'up'], ['up', 'flat'], ['up', 'up']]","['up/up , increase', 'up/flat , expr_only_up', 'up/up , increase']","['up/up', 'up/flat', 'up/up']",2,0,0,1,0,0,0,0,0,mixed,gradual up,late up,gradual up & late up,gradual up & late up | mixed
NOP14,0.185469724990489,0.890965065449234,0.759249357889453,5.5880600000000005,0.6695100000000007,0.9334999999999988,"['up', 'up', 'up']","['up', 'up', 'up']","['increase', 'increase', 'increase']","[['up', 'up'], ['up', 'up'], ['up', 'up']]","['up/up , increase', 'up/up , increase', 'up/up , increase']","['up/up', 'up/up', 'up/up']",3,0,0,0,0,0,0,0,0,expr_acc_up,late down,late up,late down & late up,late down & late up | expr_acc_up
MFSD10,0.480200148977922,0.351073897828723,0.732143454428779,0.0999299999999996,2.12277,-2.1944799999999995,"['up', 'up', 'up']","['flat', 'up', 'down']","['expr_only_up', 'increase', 'expr_up_acc_down']","[['up', 'flat'], ['up', 'up'], ['up', 'down']]","['up/flat , expr_only_up', 'up/up , increase', 'up/down , expr_up_acc_down']","['up/flat', 'up/up', 'up/down']",1,0,0,1,0,0,0,1,0,mixed,late up,late down,late up & late down,late up & late down | mixed
ADD1,-0.30133456204706,-0.542846048718605,-0.399494951273971,1.83169,-0.1768599999999995,-0.2902599999999999,"['down', 'down', 'down']","['up', 'down', 'down']","['expr_down_acc_up', 'decrease', 'decrease']","[['down', 'up'], ['down', 'down'], ['down', 'down']]","['down/up , expr_down_acc_up', 'down/down , decrease', 'down/down , decrease']","['down/up', 'down/down', 'down/down']",0,2,0,0,0,0,0,0,1,mixed,late up,flat,late up & flat,late up & flat | mixed
LOC103246550,1.26023628500846,3.22970758070888,0.963489889360201,-0.4765399999999999,-4.585559999999999,-5.422409999999999,"['up', 'up', 'up']","['down', 'down', 'down']","['expr_up_acc_down', 'expr_up_acc_down', 'expr_up_acc_down']","[['up', 'down'], ['up', 'down'], ['up', 'down']]","['up/down , expr_up_acc_down', 'up/down , expr_up_acc_down', 'up/down , expr_up_acc_down']","['up/down', 'up/down', 'up/down']",0,0,0,0,0,0,0,3,0,conflict,late down,gradual down,late down & gradual down,late down & gradual down | conflict
SH3BP2,0.315875844543446,0.0333746761570687,0.439726518532387,1.7363799999999996,0.1252200000000005,-1.40557,"['up', 'flat', 'up']","['up', 'flat', 'down']","['increase', 'neutral', 'expr_up_acc_down']","[['up', 'up'], ['flat', 'flat'], ['up', 'down']]","['up/up , increase', 'flat/flat , neutral', 'up/down , expr_up_acc_down']","['up/up', 'flat/flat', 'up/down']",1,0,1,0,0,0,0,1,0,mixed,late up,gradual down,late up & gradual down,late up & gradual down | mixed
TNIP2,0.132447504812536,0.361614799315043,0.455917626308492,2.510390000000001,2.3023700000000007,-0.7708399999999997,"['up', 'up', 'up']","['up', 'up', 'down']","['increase', 'increase', 'expr_up_acc_down']","[['up', 'up'], ['up', 'up'], ['up', 'down']]","['up/up , increase', 'up/up , increase', 'up/down , expr_up_acc_down']","['up/up', 'up/up', 'up/down']",2,0,0,0,0,0,0,1,0,mixed,gradual up,gradual down,gradual up & gradual down,gradual up & gradual down | mixed
FAM193A,0.509551168214779,0.85694892965391,1.19246998934321,0.4834899999999997,0.4871699999999999,0.3444800000000003,"['up', 'up', 'up']","['up', 'up', 'up']","['increase', 'increase', 'increase']","[['up', 'up'], ['up', 'up'], ['up', 'up']]","['up/up , increase', 'up/up , increase', 'up/up , increase']","['up/up', 'up/up', 'up/up']",3,0,0,0,0,0,0,0,0,expr_acc_up,gradual up,flat,gradual up & flat,gradual up & flat | expr_acc_up
RNF4,-0.0844281061911715,0.140639760662746,0.137888579859777,0.1952399999999996,1.09132,-0.1360899999999998,"['down', 'up', 'up']","['up', 'up', 'flat']","['expr_down_acc_up', 'increase', 'expr_only_up']","[['down', 'up'], ['up', 'up'], ['up', 'flat']]","['down/up , expr_down_acc_up', 'up/up , increase', 'up/flat , expr_only_up']","['down/up', 'up/up', 'up/flat']",1,0,0,1,0,0,0,0,1,mixed,flat,late down,flat & late down,flat & late down | mixed
LOC103246465,-0.234288539006463,4.63632454735681,0.959891004464301,-13.75869,15.96939,-8.115549999999999,"['down', 'up', 'up']","['down', 'up', 'down']","['decrease', 'increase', 'expr_up_acc_down']","[['down', 'down'], ['up', 'up'], ['up', 'down']]","['down/down , decrease', 'up/up , increase', 'up/down , expr_up_acc_down']","['down/down', 'up/up', 'up/down']",1,1,0,0,0,0,0,1,0,mixed,late down,late down,late down & late down,late down & late down | mixed
ZFYVE28,2.74188221552917,3.66782378707429,3.61035245472436,0.1952399999999996,0.4871699999999999,13.58258,"['up', 'up', 'up']","['up', 'up', 'up']","['increase', 'increase', 'increase']","[['up', 'up'], ['up', 'up'], ['up', 'up']]","['up/up , increase', 'up/up , increase', 'up/up , increase']","['up/up', 'up/up', 'up/up']",3,0,0,0,0,0,0,0,0,expr_acc_up,late down,gradual up,late down & gradual up,late down & gradual up | expr_acc_up
MXD4,-0.280583839141306,-0.019584036585508,0.419435310593009,88.2167,-0.8408699999999998,18.27033,"['down', 'flat', 'up']","['up', 'down', 'up']","['expr_down_acc_up', 'acc_only_down', 'increase']","[['down', 'up'], ['flat', 'down'], ['up', 'up']]","['down/up , expr_down_acc_up', 'flat/down , acc_only_down', 'up/up , increase']","['down/up', 'flat/down', 'up/up']",1,0,0,0,0,0,1,0,1,mixed,gradual up,late up,gradual up & late up,gradual up & late up | mixed
HAUS3,0.640056590554908,1.30271592670299,1.35532525628973,-0.9277000000000016,-34.12904,-20.78272,"['up', 'up', 'up']","['down', 'down', 'down']","['expr_up_acc_down', 'expr_up_acc_down', 'expr_up_acc_down']","[['up', 'down'], ['up', 'down'], ['up', 'down']]","['up/down , expr_up_acc_down', 'up/down , expr_up_acc_down', 'up/down , expr_up_acc_down']","['up/down', 'up/down', 'up/down']",0,0,0,0,0,0,0,3,0,conflict,gradual up,late up,gradual up & late up,gradual up & late up | conflict
POLN,1.53227251847106,0.885795139397896,0.850033900344544,-0.9277000000000016,-34.12904,-20.78272,"['up', 'up', 'up']","['down', 'down', 'down']","['expr_up_acc_down', 'expr_up_acc_down', 'expr_up_acc_down']","[['up', 'down'], ['up', 'down'], ['up', 'down']]","['up/down , expr_up_acc_down', 'up/down , expr_up_acc_down', 'up/down , expr_up_acc_down']","['up/down', 'up/down', 'up/down']",0,0,0,0,0,0,0,3,0,conflict,gradual down,late up,gradual down & late up,gradual down & late up | conflict
LOC103246471,2.76971655548372,2.05990209738524,2.41001773423459,0.3881699999999997,-0.2965800000000005,1.47788,"['up', 'up', 'up']","['up', 'down', 'up']","['increase', 'expr_up_acc_down', 'increase']","[['up', 'up'], ['up', 'down'], ['up', 'up']]","['up/up , increase', 'up/down , expr_up_acc_down', 'up/up , increase']","['up/up', 'up/down', 'up/up']",2,0,0,0,0,0,0,1,0,mixed,late up,late up,late up & late up,late up & late up | mixed
NAT8L,-0.302162606143248,-0.0603471241220491,0.651907773984873,1.0622699999999998,-0.2965800000000005,-0.44442,"['down', 'down', 'up']","['up', 'down', 'down']","['expr_down_acc_up', 'decrease', 'expr_up_acc_down']","[['down', 'up'], ['down', 'down'], ['up', 'down']]","['down/up , expr_down_acc_up', 'down/down , decrease', 'up/down , expr_up_acc_down']","['down/up', 'down/down', 'up/down']",0,1,0,0,0,0,0,1,1,conflict,gradual up,flat,gradual up & flat,gradual up & flat | conflict
C27H4orf48,0.50114029852015,-0.283704344896864,0.301096991241583,1.0622699999999998,1.15393,0.5167299999999999,"['up', 'down', 'up']","['up', 'up', 'up']","['increase', 'expr_down_acc_up', 'increase']","[['up', 'up'], ['down', 'up'], ['up', 'up']]","['up/up , increase', 'down/up , expr_down_acc_up', 'up/up , increase']","['up/up', 'down/up', 'up/up']",2,0,0,0,0,0,0,0,1,mixed,late up,flat,late up & flat,late up & flat | mixed
NELFA,-0.112752689248575,0.336199519583131,0.34021393488995,15.89256,4.729900000000001,-4.270949999999999,"['down', 'up', 'up']","['up', 'up', 'down']","['expr_down_acc_up', 'increase', 'expr_up_acc_down']","[['down', 'up'], ['up', 'up'], ['up', 'down']]","['down/up , expr_down_acc_up', 'up/up , increase', 'up/down , expr_up_acc_down']","['down/up', 'up/up', 'up/down']",1,0,0,0,0,0,0,1,1,conflict,flat,gradual down,flat & gradual down,flat & gradual down | conflict
WHSC1,0.331865327979983,0.730293208459529,0.880002949368172,0.00231,2.1798900000000003,-2.05839,"['up', 'up', 'up']","['flat', 'up', 'down']","['expr_only_up', 'increase', 'expr_up_acc_down']","[['up', 'flat'], ['up', 'up'], ['up', 'down']]","['up/flat , expr_only_up', 'up/up , increase', 'up/down , expr_up_acc_down']","['up/flat', 'up/up', 'up/down']",1,0,0,1,0,0,0,1,0,mixed,gradual up,late down,gradual up & late down,gradual up & late down | mixed
LETM1,-0.0674366491183835,0.0046570226547033,-0.258551867461593,3.602800000000002,2.3622300000000003,-4.461269999999999,"['down', 'flat', 'down']","['up', 'up', 'down']","['expr_down_acc_up', 'acc_only_up', 'decrease']","[['down', 'up'], ['flat', 'up'], ['down', 'down']]","['down/up , expr_down_acc_up', 'flat/up , acc_only_up', 'down/down , decrease']","['down/up', 'flat/up', 'down/down']",0,1,0,0,0,1,0,0,1,mixed,late down,gradual down,late down & gradual down,late down & gradual down | mixed
FGFR3,0.689749575080847,0.26748987904418,0.727892043618554,0.5811000000000002,2.6044500000000004,-1.5778199999999996,"['up', 'up', 'up']","['up', 'up', 'down']","['increase', 'increase', 'expr_up_acc_down']","[['up', 'up'], ['up', 'up'], ['up', 'down']]","['up/up , increase', 'up/up , increase', 'up/down , expr_up_acc_down']","['up/up', 'up/up', 'up/down']",2,0,0,0,0,0,0,1,0,mixed,late up,late down,late up & late down,late up & late down | mixed
TACC3,-0.29555993595674,0.12598046286155,0.43969988786074,0.3881699999999997,0.9715900000000004,0.67089,"['down', 'up', 'up']","['up', 'up', 'up']","['expr_down_acc_up', 'increase', 'increase']","[['down', 'up'], ['up', 'up'], ['up', 'up']]","['down/up , expr_down_acc_up', 'up/up , increase', 'up/up , increase']","['down/up', 'up/up', 'up/up']",2,0,0,0,0,0,0,0,1,mixed,gradual up,late down,gradual up & late down,gradual up & late down | mixed
TMEM129,-0.278260304995376,-0.736314727996589,-1.78952890007504,50.17645,26.37336,10.85338,"['down', 'down', 'down']","['up', 'up', 'up']","['expr_down_acc_up', 'expr_down_acc_up', 'expr_down_acc_up']","[['down', 'up'], ['down', 'up'], ['down', 'up']]","['down/up , expr_down_acc_up', 'down/up , expr_down_acc_up', 'down/up , expr_down_acc_up']","['down/up', 'down/up', 'down/up']",0,0,0,0,0,0,0,0,3,conflict,gradual down,gradual down,gradual down & gradual down,gradual down & gradual down | conflict
SLBP,0.346970407099562,0.60589140505692,0.0427069599467332,29.66511,-15.75953,0.5348000000000006,"['up', 'up', 'up']","['up', 'down', 'up']","['increase', 'expr_up_acc_down', 'increase']","[['up', 'up'], ['up', 'down'], ['up', 'up']]","['up/up , increase', 'up/down , expr_up_acc_down', 'up/up , increase']","['up/up', 'up/down', 'up/up']",2,0,0,0,0,0,0,1,0,mixed,late down,late up,late down & late up,late down & late up | mixed
FAM53A,0.254528739196132,0.312404235816013,-0.882331445449623,-0.47886,0.5470299999999999,-0.1360899999999998,"['up', 'up', 'down']","['down', 'up', 'flat']","['expr_up_acc_down', 'increase', 'expr_only_down']","[['up', 'down'], ['up', 'up'], ['down', 'flat']]","['up/down , expr_up_acc_down', 'up/up , increase', 'down/flat , expr_only_down']","['up/down', 'up/up', 'down/flat']",1,0,0,0,1,0,0,1,0,mixed,late down,late down,late down & late down,late down & late down | mixed
UVSSA,0.666699278312627,0.71712022749563,-0.0382576754070643,-1.2482700000000009,-0.3591999999999999,0.67089,"['up', 'up', 'down']","['down', 'down', 'up']","['expr_up_acc_down', 'expr_up_acc_down', 'expr_down_acc_up']","[['up', 'down'], ['up', 'down'], ['down', 'up']]","['up/down , expr_up_acc_down', 'up/down , expr_up_acc_down', 'down/up , expr_down_acc_up']","['up/down', 'up/down', 'down/up']",0,0,0,0,0,0,0,2,1,conflict,late down,gradual up,late down & gradual up,late down & gradual up | conflict
MAEA,-0.277335896227449,-0.477991171747633,-0.709455125904738,0.00231,5.38574,3.4182500000000005,"['down', 'down', 'down']","['flat', 'up', 'up']","['expr_only_down', 'expr_down_acc_up', 'expr_down_acc_up']","[['down', 'flat'], ['down', 'up'], ['down', 'up']]","['down/flat , expr_only_down', 'down/up , expr_down_acc_up', 'down/up , expr_down_acc_up']","['down/flat', 'down/up', 'down/up']",0,0,0,0,1,0,0,0,2,conflict,gradual down,late down,gradual down & late down,gradual down & late down | conflict
LOC103246492,0.967738179325151,2.78265372162007,2.77376561930655,3.47044,-1.92944,-0.9249999999999998,"['up', 'up', 'up']","['up', 'down', 'down']","['increase', 'expr_up_acc_down', 'expr_up_acc_down']","[['up', 'up'], ['up', 'down'], ['up', 'down']]","['up/up , increase', 'up/down , expr_up_acc_down', 'up/down , expr_up_acc_down']","['up/up', 'up/down', 'up/down']",1,0,0,0,0,0,0,2,0,conflict,flat,late up,flat & late up,flat & late up | conflict
CTBP1,-0.443758965124398,-0.50257752924751,-0.703221964872682,2.7010400000000008,2.06016,-0.2902599999999999,"['down', 'down', 'down']","['up', 'up', 'down']","['expr_down_acc_up', 'expr_down_acc_up', 'decrease']","[['down', 'up'], ['down', 'up'], ['down', 'down']]","['down/up , expr_down_acc_up', 'down/up , expr_down_acc_up', 'down/down , decrease']","['down/up', 'down/up', 'down/down']",0,1,0,0,0,0,0,0,2,conflict,gradual down,gradual down,gradual down & gradual down,gradual down & gradual down | conflict
SPON2,1.000921823688,3.67914077019913,0.544827239955903,0.1952399999999996,1.3362699999999998,-1.40557,"['up', 'up', 'up']","['up', 'up', 'down']","['increase', 'increase', 'expr_up_acc_down']","[['up', 'up'], ['up', 'up'], ['up', 'down']]","['up/up , increase', 'up/up , increase', 'up/down , expr_up_acc_down']","['up/up', 'up/up', 'up/down']",2,0,0,0,0,0,0,1,0,mixed,late down,late down,late down & late down,late down & late down | mixed
RNF212,0.56484939648682,-1.40380762138543,-0.361473730008139,-5.667200000000001,-6.700060000000001,-5.09601,"['up', 'down', 'down']","['down', 'down', 'down']","['expr_up_acc_down', 'decrease', 'decrease']","[['up', 'down'], ['down', 'down'], ['down', 'down']]","['up/down , expr_up_acc_down', 'down/down , decrease', 'down/down , decrease']","['up/down', 'down/down', 'down/down']",0,2,0,0,0,0,0,1,0,mixed,late up,late up,late up & late up,late up & late up | mixed
FGFRL1,-0.320543212503249,-0.196015140757979,-0.593668770838555,-0.2859300000000004,0.3075699999999992,1.1695400000000005,"['down', 'down', 'down']","['down', 'up', 'up']","['decrease', 'expr_down_acc_up', 'expr_down_acc_up']","[['down', 'down'], ['down', 'up'], ['down', 'up']]","['down/down , decrease', 'down/up , expr_down_acc_up', 'down/up , expr_down_acc_up']","['down/down', 'down/up', 'down/up']",0,1,0,0,0,0,0,0,2,conflict,late down,gradual up,late down & gradual up,late down & gradual up | conflict
IDUA,0.295761920092075,-0.555327305198889,-0.423075874404884,0.0999299999999996,3.14873,-4.76959,"['up', 'down', 'down']","['flat', 'up', 'down']","['expr_only_up', 'expr_down_acc_up', 'decrease']","[['up', 'flat'], ['down', 'up'], ['down', 'down']]","['up/flat , expr_only_up', 'down/up , expr_down_acc_up', 'down/down , decrease']","['up/flat', 'down/up', 'down/down']",0,1,0,1,0,0,0,0,1,mixed,late up,late down,late up & late down,late up & late down | mixed
SLC26A1,-0.163333889682765,0.207898379017224,1.06989239411523,-10.29288,-1.0232100000000002,-6.53769,"['down', 'up', 'up']","['down', 'down', 'down']","['decrease', 'expr_up_acc_down', 'expr_up_acc_down']","[['down', 'down'], ['up', 'down'], ['up', 'down']]","['down/down , decrease', 'up/down , expr_up_acc_down', 'up/down , expr_up_acc_down']","['down/down', 'up/down', 'up/down']",0,1,0,0,0,0,0,2,0,conflict,gradual up,late down,gradual up & late down,gradual up & late down | conflict
LOC103246505,-1.19522638436592,3.40533691273001,0.963193542550922,1.1575899999999997,0.4871699999999999,0.3444800000000003,"['down', 'up', 'up']","['up', 'up', 'up']","['expr_down_acc_up', 'increase', 'increase']","[['down', 'up'], ['up', 'up'], ['up', 'up']]","['down/up , expr_down_acc_up', 'up/up , increase', 'up/up , increase']","['down/up', 'up/up', 'up/up']",2,0,0,0,0,0,0,0,1,mixed,late down,flat,late down & flat,late down & flat | mixed
DGKQ,0.856503142873907,0.715599645080952,1.19703856051982,0.1022499999999997,-2.7131800000000013,0.3625600000000002,"['up', 'up', 'up']","['flat', 'down', 'up']","['expr_only_up', 'expr_up_acc_down', 'increase']","[['up', 'flat'], ['up', 'down'], ['up', 'up']]","['up/flat , expr_only_up', 'up/down , expr_up_acc_down', 'up/up , increase']","['up/flat', 'up/down', 'up/up']",1,0,0,1,0,0,0,1,0,mixed,late up,late up,late up & late up,late up & late up | mixed
TMEM175,0.448410538771739,-0.586058242197067,-0.561419493397075,2.02461,-0.7810100000000002,-3.5001199999999995,"['up', 'down', 'down']","['up', 'down', 'down']","['increase', 'decrease', 'decrease']","[['up', 'up'], ['down', 'down'], ['down', 'down']]","['up/up , increase', 'down/down , decrease', 'down/down , decrease']","['up/up', 'down/down', 'down/down']",1,2,0,0,0,0,0,0,0,mixed,flat,gradual down,flat & gradual down,flat & gradual down | mixed
GAK,0.0099516305229189,0.318000154605529,0.485992283440206,-9.4236,-21.1915,1.6501100000000006,"['flat', 'up', 'up']","['down', 'down', 'up']","['acc_only_down', 'expr_up_acc_down', 'increase']","[['flat', 'down'], ['up', 'down'], ['up', 'up']]","['flat/down , acc_only_down', 'up/down , expr_up_acc_down', 'up/up , increase']","['flat/down', 'up/down', 'up/up']",1,0,0,0,0,0,1,1,0,mixed,gradual up,late up,gradual up & late up,gradual up & late up | mixed
CPLX1,5.10148491325437,5.94654564743211,3.96180091317364,1.83169,0.4273000000000002,1.47788,"['up', 'up', 'up']","['up', 'up', 'up']","['increase', 'increase', 'increase']","[['up', 'up'], ['up', 'up'], ['up', 'up']]","['up/up , increase', 'up/up , increase', 'up/up , increase']","['up/up', 'up/up', 'up/up']",3,0,0,0,0,0,0,0,0,expr_acc_up,late down,late up,late down & late up,late down & late up | expr_acc_up
PCGF3,-0.305229884502787,-0.720435033376083,-0.834549214402316,10.30673,5.38574,1.1514600000000002,"['down', 'down', 'down']","['up', 'up', 'up']","['expr_down_acc_up', 'expr_down_acc_up', 'expr_down_acc_up']","[['down', 'up'], ['down', 'up'], ['down', 'up']]","['down/up , expr_down_acc_up', 'down/up , expr_down_acc_up', 'down/up , expr_down_acc_up']","['down/up', 'down/up', 'down/up']",0,0,0,0,0,0,0,0,3,conflict,gradual down,gradual down,gradual down & gradual down,gradual down & gradual down | conflict
MFSD7,1.66210194105034,2.06702681998925,-2.05261227681021,-0.2859300000000004,0.0054999999999996,2.28486,"['up', 'up', 'down']","['down', 'flat', 'up']","['expr_up_acc_down', 'expr_only_up', 'expr_down_acc_up']","[['up', 'down'], ['up', 'flat'], ['down', 'up']]","['up/down , expr_up_acc_down', 'up/flat , expr_only_up', 'down/up , expr_down_acc_up']","['up/down', 'up/flat', 'down/up']",0,0,0,1,0,0,0,1,1,conflict,late down,gradual up,late down & gradual up,late down & gradual up | conflict
MYL5,1.59968680928826,0.623760351030681,1.28241116012905,-0.9600300000000002,-0.4190599999999995,0.0361500000000001,"['up', 'up', 'up']","['down', 'down', 'flat']","['expr_up_acc_down', 'expr_up_acc_down', 'expr_only_up']","[['up', 'down'], ['up', 'down'], ['up', 'flat']]","['up/down , expr_up_acc_down', 'up/down , expr_up_acc_down', 'up/flat , expr_only_up']","['up/down', 'up/down', 'up/flat']",0,0,0,1,0,0,0,2,0,conflict,late up,gradual up,late up & gradual up,late up & gradual up | conflict
ATP5I,-0.275310623849866,-0.755655821469457,-0.948028331348983,0.4858000000000002,-2.53359,1.3237100000000002,"['down', 'down', 'down']","['up', 'down', 'up']","['expr_down_acc_up', 'decrease', 'expr_down_acc_up']","[['down', 'up'], ['down', 'down'], ['down', 'up']]","['down/up , expr_down_acc_up', 'down/down , decrease', 'down/up , expr_down_acc_up']","['down/up', 'down/down', 'down/up']",0,1,0,0,0,0,0,0,2,conflict,gradual down,late up,gradual down & late up,gradual down & late up | conflict
PDE6B,4.51889168343872,1.09170586609107,1.69510648786318,0.3881699999999997,-0.9633499999999996,1.1514600000000002,"['up', 'up', 'up']","['up', 'down', 'up']","['increase', 'expr_up_acc_down', 'increase']","[['up', 'up'], ['up', 'down'], ['up', 'up']]","['up/up , increase', 'up/down , expr_up_acc_down', 'up/up , increase']","['up/up', 'up/down', 'up/up']",2,0,0,0,0,0,0,1,0,mixed,late up,late up,late up & late up,late up & late up | mixed
PIGG,0.407677265359599,0.215563064650104,0.503240295765062,0.8693399999999998,-1.0232100000000002,1.1514600000000002,"['up', 'up', 'up']","['up', 'down', 'up']","['increase', 'expr_up_acc_down', 'increase']","[['up', 'up'], ['up', 'down'], ['up', 'up']]","['up/up , increase', 'up/down , expr_up_acc_down', 'up/up , increase']","['up/up', 'up/down', 'up/up']",2,0,0,0,0,0,0,1,0,mixed,late up,late up,late up & late up,late up & late up | mixed
ZNF721,0.133512010422142,0.658210456011394,0.817498942310523,-25.258700000000005,-23.8201,-21.671499999999995,"['up', 'up', 'up']","['down', 'down', 'down']","['expr_up_acc_down', 'expr_up_acc_down', 'expr_up_acc_down']","[['up', 'down'], ['up', 'down'], ['up', 'down']]","['up/down , expr_up_acc_down', 'up/down , expr_up_acc_down', 'up/down , expr_up_acc_down']","['up/down', 'up/down', 'up/down']",0,0,0,0,0,0,0,3,0,conflict,gradual up,gradual up,gradual up & gradual up,gradual up & gradual up | conflict
LOC103246522,0.47331487464853,3.34995179177715,-0.488906606475071,-16.645690000000002,0.2449499999999997,0.3444800000000003,"['up', 'up', 'down']","['down', 'up', 'up']","['expr_up_acc_down', 'increase', 'expr_down_acc_up']","[['up', 'down'], ['up', 'up'], ['down', 'up']]","['up/down , expr_up_acc_down', 'up/up , increase', 'down/up , expr_down_acc_up']","['up/down', 'up/up', 'down/up']",1,0,0,0,0,0,0,1,1,conflict,late down,flat,late down & flat,late down & flat | conflict
LOC103246525,0.0485718819446134,0.557723899149041,0.502055763267106,2.69872,0.1850900000000002,7.453200000000001,"['up', 'up', 'up']","['up', 'up', 'up']","['increase', 'increase', 'increase']","[['up', 'up'], ['up', 'up'], ['up', 'up']]","['up/up , increase', 'up/up , increase', 'up/up , increase']","['up/up', 'up/up', 'up/up']",3,0,0,0,0,0,0,0,0,expr_acc_up,late down,late up,late down & late up,late down & late up | expr_acc_up
ZNF732,0.329385832998335,-0.042639043566914,0.11939973931392,-0.0767999999999986,-0.1169799999999998,-7.63495,"['up', 'down', 'up']","['flat', 'flat', 'down']","['expr_only_up', 'expr_only_down', 'expr_up_acc_down']","[['up', 'flat'], ['down', 'flat'], ['up', 'down']]","['up/flat , expr_only_up', 'down/flat , expr_only_down', 'up/down , expr_up_acc_down']","['up/flat', 'down/flat', 'up/down']",0,0,0,1,1,0,0,1,0,expression_only,late up,flat,late up & flat,late up & flat | expression_only
